date,spot,implied_vol_1w,risk_reversal_25d,iv_used,band_up_10,band_dn_10,band_up_15,band_dn_15,band_up_20,band_dn_20,sigma_consumed,abs_sigma,bb_mid,bb_upper,bb_lower,bb_bandwidth,bb_bandwidth_pct,bb_squeeze,log_return,rv_20d,iv_rv_ratio,iv_rv_flag,squeeze_flag,squeeze_direction
2025-05-05,143.7,0.139875,-0.015349999999999999,0.139875,146.51068718694938,140.943233537979,147.93657983164837,139.58474654138493,149.37634975638233,138.23935337607023,,,,,,,,False,,,,False,False,
2025-05-06,142.45,0.141875,-0.01685,0.141875,145.27646956307956,139.6785216561801,146.7106661882467,138.31306903046175,148.15902147218242,136.96096463359757,-0.4447310984317327,0.4447310984317327,,,,,,False,-0.00873673214106191,,,False,False,
2025-05-07,143.83,0.128175,-0.014275,0.128175,146.40582009134852,141.29949811484613,147.71097752269722,140.05099178780557,149.02776998275957,138.81351712095812,0.48824159227684855,0.48824159227684855,,,,,,False,0.009640985671880833,,,False,False,
2025-05-08,145.91,0.1206,-0.011200000000000002,0.1206,148.36734785627715,143.49335219379452,149.61149805800758,142.30007971543412,150.8660812137999,141.11673033933488,0.807509812888777,0.807509812888777,,,,,,False,0.014357946660133085,,,False,False,
2025-05-09,145.37,0.1201,-0.012325,0.1201,147.8080184817007,142.97219539964465,149.04231824844098,141.78816559182883,150.28692527678874,140.61394137300798,-0.2197491082186815,0.2197491082186815,,,,,,False,-0.0037077768376974577,,,False,False,
2025-05-12,148.46,0.101625,-0.008199999999999999,0.101625,150.5641282906294,146.38527682673615,151.62734936259338,145.35881351651054,152.69807845828583,144.3395478353777,1.267422713647559,1.267422713647559,,,,,,False,0.021033345251167318,,,False,False,
2025-05-13,147.48,0.0902,-0.0104,0.0902,149.33377720859662,145.64923493241628,150.2693856165865,144.74239254225867,151.21085581357994,143.84119634118653,-0.4657510686797883,0.4657510686797883,,,,,,False,-0.006622988323457198,,,False,False,
2025-05-14,146.75,0.109375,-0.0183,0.109375,148.9897110844086,144.54395772201508,150.12235270413316,143.45340392075457,151.2636048314518,142.37107811886665,-0.3937905788326256,0.3937905788326256,,,,,,False,-0.004962114657737833,,,False,False,
2025-05-15,145.67,0.11359999999999999,-0.021475,0.11359999999999999,147.97978552058342,143.39626743849018,149.14837643377953,142.27274481543793,150.32619566635458,141.1580250929567,-0.48220505203472547,0.48220505203472547,,,,,,False,-0.0073866692473495135,,,False,False,
2025-05-16,145.7,0.1072,-0.020975,0.1072,147.87913728365103,143.55297434066745,148.98089759027292,142.4913552231546,150.09086646367132,141.4375871108602,0.012988218920180662,0.012988218920180662,,,,,,False,0.0002059237403028467,,,False,False,
2025-05-19,144.86,0.104525,-0.019575,0.104525,146.97211846363015,142.77823453427888,148.03969811845198,141.7485976174418,149.1150324843803,140.7263858672204,-0.38547364881601026,0.38547364881601026,,,,,,False,-0.005781954433978985,,,False,False,
2025-05-20,144.51,0.10092499999999999,-0.018175,0.10092499999999999,146.54393823544456,142.50429155553425,147.5716174717818,141.5119008504004,148.60650358835923,140.5264210901994,-0.16571040215162539,0.16571040215162539,,,,,,False,-0.0024190494569410795,,,False,False,
2025-05-21,143.68,0.1137,-0.025125,0.1137,145.9602528226911,141.43537025163798,147.11391421023947,140.32623977700632,148.27669407060068,139.22580705886634,-0.4080753218243944,0.4080753218243944,,,,,,False,-0.005760104756349488,,,False,False,
2025-05-22,144.01,0.1096,-0.0215,0.1096,146.21244874888416,141.8407274993284,147.32627247350644,140.76837587626778,148.44858113426204,139.70413150155363,0.14472079442950758,0.14472079442950758,,,,,,False,0.002294137055401636,,,False,False,
2025-05-23,142.56,0.11627499999999999,-0.02145,0.11627499999999999,144.87413074769594,140.2828337613561,146.04524494412246,139.15792744759202,147.22582603746145,138.0420415833072,-0.6583581119581557,0.6583581119581557,,,,,,False,-0.010119777886791963,,,False,False,
2025-05-26,142.85,0.11495,-0.0194,0.11495,145.1422032662562,140.593997064837,146.30206118576984,139.47939170924553,147.4711877422697,138.37362275580955,0.12531703331314745,0.12531703331314745,,,,,,False,0.002032164954282883,,,False,False,
2025-05-27,144.33,0.1107,-0.012725,0.1107,146.5596669786129,142.13425377829114,147.68738419364283,141.048939377834,148.82377873541137,139.97191226433634,0.6456669972455215,0.6456669972455215,,,,,,False,0.010307215702690086,,,False,False,
2025-05-28,144.84,0.1047,-0.00935,0.1047,146.9553882564923,142.7550622600134,148.0246400538754,141.72387510866142,149.10167175929575,140.700136708508,0.22873370996294226,0.22873370996294226,,,,,,False,0.0035273405179684406,,,False,False,
2025-05-29,144.21,0.11622500000000001,-0.01325,0.11622500000000001,146.549899917074,141.90746026962708,147.7340489985917,140.77001368992634,148.92776621388535,139.64168421174526,-0.29781766919924735,0.29781766919924735,,,,,,False,-0.004359114323461413,,,False,False,
2025-05-30,144.02,0.1166,-0.011625000000000002,0.1166,146.36441782368811,141.71313430143735,147.55089942351262,140.5735951528517,148.74699906170775,139.44321923022648,-0.0812000541619705,0.0812000541619705,144.7595,147.9087787812617,141.6102212187383,0.043510495425332356,100.0,False,-0.0013183917532582244,,,False,False,
2025-06-02,142.71,0.11785,-0.0125,0.11785,145.05820139501117,140.39981127671993,146.2467519050207,139.25877897942448,147.44504093585326,138.12701987624257,-0.5587741172941574,0.5587741172941574,144.71,147.95894152804132,141.4610584719587,0.04490279217802935,100.0,False,-0.009137579708420995,0.13427864602743747,0.8776525790699397,False,False,
2025-06-03,143.97,0.112475,-0.01125,0.112475,146.2300460619898,141.74488388804352,147.37333884319642,140.64525553060636,148.52557040558216,139.55415786924314,0.5365808923701803,0.5365808923701803,144.786,147.87975193779843,141.69224806220157,0.04273551224287473,33.33333333333333,False,0.008790345425963915,0.13416483902204634,0.8383344013219275,False,False,
2025-06-04,142.77,0.122475,-0.010175,0.122475,145.2121662400962,140.36890591039023,146.4488705006804,139.18354460716242,147.69610719437784,138.00819322322602,-0.5309626295596288,0.5309626295596288,144.733,147.930295567721,141.535704432279,0.044181984312091915,75.0,False,-0.008370000737135008,0.13317285586804906,0.9196693966024971,False,False,
2025-06-05,143.53,0.12595,-0.010674999999999999,0.12595,146.05543660398894,141.04823058286192,147.3347696795297,139.82348460454565,148.62530872696874,138.60937330562382,0.3111991262192132,0.3111991262192132,144.614,147.80400016498925,141.42399983501076,0.044117445959440206,60.0,False,0.005309128782160149,0.12341624965322459,1.0205301194445202,False,False,
2025-06-06,144.85,0.1051,-0.0088,0.1051,146.97367553802283,142.7570102141997,148.0471607982476,141.72188366781805,149.12848671837082,140.6942627911434,0.5226818990090881,0.5226818990090881,144.588,147.7604843328384,141.4155156671616,0.04388309310369317,50.0,False,0.009154651632070493,0.1277952867815278,0.8224090468975864,False,False,
2025-06-09,144.57,0.09465,-0.007825,0.09465,146.4774395153889,142.68739929608202,147.4405760717557,141.755312254262,148.41004556259537,140.8293139508857,-0.13184688290975138,0.13184688290975138,144.39350000000002,146.99141231973917,141.79558768026087,0.03598378486204921,14.285714285714285,True,-0.0019349048950083546,0.10027283342060153,0.9439246580674931,False,False,
2025-06-10,144.87,0.103825,-0.0076500000000000005,0.103825,146.96801657597635,142.80193329785075,148.0283913648369,141.77899730244175,149.096416761762,140.76338892526968,0.15727890587337606,0.15727890587337606,144.263,146.43547954384408,142.09052045615593,0.03011831923423298,12.5,True,0.002072969233209173,0.09892395957846847,1.0495435124353663,False,False,
2025-06-11,144.56,0.097075,-0.00705,0.097075,146.51650336834913,142.62962273582588,147.50466265409702,141.67412218694065,148.49948643668694,140.72502270174337,-0.14775860379260242,0.14775860379260242,144.1535,145.99350314645037,142.31349685354965,0.02552838670514912,11.11111111111111,True,-0.0021421422695872055,0.09788640539840386,0.9917107447647976,False,False,
2025-06-12,143.48,0.11664999999999999,-0.01225,0.11664999999999999,145.81663714474172,141.1808062722311,146.99918716966414,140.04506280867642,148.19132748955445,138.9184559497996,-0.5520051830584369,0.5520051830584369,144.044,145.76052525392674,142.32747474607328,0.023833346115447122,10.0,True,-0.007498993619891266,0.0979881436575644,1.1904501467815585,False,False,
2025-06-13,144.07,0.11630000000000001,-0.01365,0.11630000000000001,146.40914897902317,141.76822312500326,147.59292724358988,140.63116226256338,148.78627684293608,139.50322126758314,0.2524996237981225,0.2524996237981225,143.9625,145.49263071337054,142.43236928662947,0.02125735123202972,9.090909090909092,True,0.004103639909299735,0.09946204618713261,1.1692902414372983,False,False,
2025-06-16,144.75,0.106,-0.010049999999999998,0.106,146.89051619025798,142.64067581368883,147.97261516449558,141.59756841972296,149.0626856417302,140.5620890955846,0.29070401504908466,0.29070401504908466,143.95700000000002,145.47428427756543,142.4397157224346,0.021079687372832286,8.333333333333332,True,0.004708823879723169,0.09913090765718394,1.069293144844097,False,False,
2025-06-17,145.29,0.0993,-0.00935,0.0993,147.3017642877663,143.30571125245615,148.3180684422031,142.3237527410618,149.3413845570147,141.34852279972705,0.25227559710020603,0.25227559710020603,143.996,145.6101401491359,142.38185985086412,0.022419235938996803,23.076923076923077,False,0.0037236286301427406,0.09957102455236817,0.9972780780996621,False,False,
2025-06-18,145.13,0.09285,-0.011000000000000001,0.09285,147.00817836439248,143.27581726637936,147.9563627942192,142.35762830487033,148.91066289545256,141.44532359504535,-0.07953218027229511,0.07953218027229511,144.0685,145.7516583720087,142.3853416279913,0.023366084494649494,28.57142857142857,False,-0.0011018526009759877,0.09717400654360497,0.9555024363262756,False,False,
2025-06-19,145.45,0.09237500000000001,-0.010175,0.09237500000000001,147.32262834373014,143.60117476753092,148.26796429705055,142.685593616266,149.21936625716634,141.77585008329294,0.17037785445020856,0.17037785445020856,144.1405,145.93278140412684,142.34821859587316,0.024868533189864605,40.0,False,0.002202492458939183,0.09715213252813337,0.9508283307445671,False,False,
2025-06-20,146.09,0.08405,-0.00975,0.08405,147.80037274101866,144.39942000279495,148.66305369948049,143.5614806025916,149.53076995265968,142.72840370417947,0.3417656269824349,0.3417656269824349,144.317,146.1487561317806,142.4852438682194,0.02538517474421716,43.75,False,0.004390485203212057,0.08946962810271365,0.9394249398634834,False,False,
2025-06-23,146.15,0.0947,-0.0072250000000000005,0.0947,148.07931118316264,144.2458256277243,149.05349660478552,143.30306223298768,150.03409100567853,142.3664605612305,0.03508007264209984,0.03508007264209984,144.482,146.3514845898212,142.6125154101788,0.025878442848537703,52.94117647058824,False,0.00041062141283231934,0.08946026803470859,1.0585704925817851,False,False,
2025-06-24,144.94,0.09512499999999999,-0.010125,0.09512499999999999,146.86198156692032,143.0431713903268,147.83250876901212,142.10408640784362,148.8094496326925,141.17116656135232,-0.6271668409740473,0.6271668409740473,144.5125,146.39142326388784,142.63357673611213,0.026003608876572697,55.55555555555556,False,-0.008313627876119686,0.08857133831462886,1.0739930299132523,False,False,
2025-06-25,145.24,0.09267500000000001,-0.007475000000000001,0.09267500000000001,147.11603653232606,143.38788684920038,148.06312247800105,142.47070605399537,149.01630545979552,141.5593920068789,0.1560889059309313,0.1560889059309313,144.5325,146.4344754273691,142.6305245726309,0.02631899991170303,57.89473684210527,False,0.002067682864999858,0.08799611479250068,1.0531714976113704,False,False,
2025-06-26,144.42,0.11005000000000001,-0.012199999999999999,0.11005000000000001,146.63785710125958,142.23568737503624,147.75952550486747,141.1559513928794,148.88977382114268,140.08441187542616,-0.43709170150504323,0.43709170150504323,144.54299999999998,146.4397906412786,142.64620935872136,0.02624534763051291,55.00000000000001,False,-0.005661825523099546,0.08899493410646583,1.23658724066637,True,False,
2025-06-27,144.65,0.0993,-0.012025,0.0993,146.65290250000274,142.67445201092838,147.664729851777,141.69681901021815,148.68353827635886,140.72588494032982,0.10370370564875155,0.10370370564875155,144.5745,146.4555800369105,142.6934199630895,0.026022293515253436,52.38095238095239,False,0.0015913103991086145,0.08899101358012752,1.1158430048736354,False,False,
2025-06-30,144.03,0.097775,-0.01195,0.097775,145.99348208888978,142.09292499352398,146.98523809621926,141.13417897394686,147.98373125348175,140.1819019177618,-0.30955076445266566,0.30955076445266566,144.6405,146.328893506141,142.95210649385902,0.023346068440595585,18.181818181818183,True,-0.00429542021118542,0.08374437988653972,1.1675410353801596,False,False,
2025-07-01,143.42,0.10515000000000001,-0.01375,0.10515000000000001,145.52371765370532,141.34669407599665,146.58712002667556,140.32130787655043,147.65829312338124,139.30336024413185,-0.31067255639949737,0.31067255639949737,144.613,146.3641271558027,142.8618728441973,0.024218115325768664,30.434782608695656,False,-0.004244222756529934,0.0792066252174137,1.327540464088383,True,False,
2025-07-02,143.66,0.10605,-0.013925,0.10605,145.78540707351294,141.56557925988503,146.8598734820279,140.52984733454517,147.9422589140323,139.50169310306828,0.11408375053434175,0.11408375053434175,144.6575,146.24942534868617,143.06557465131382,0.022009579160239528,12.5,True,0.0016720081922267222,0.07325091694915009,1.4477634467513716,True,False,
2025-07-03,144.93,0.09295,-0.01195,0.09295,146.80762314466418,143.07639106248573,147.75553711070557,142.15849578795996,148.70957160964423,141.2464891979945,0.5975325930862331,0.5975325930862331,144.7275,146.23135994588668,143.2236400541133,0.02078195154185194,4.0,True,0.008801470587769613,0.07734610057699041,1.201741255300614,True,False,
2025-07-04,144.47,0.09355000000000001,-0.01225,0.09355000000000001,146.35382384635176,142.61042418619581,147.30492742863493,141.68963159845208,148.26221190869353,140.77478429131793,-0.24499058893007009,0.24499058893007009,144.70850000000002,146.21544218098848,143.20155781901155,0.02082727940637157,7.6923076923076925,True,-0.003178993693135059,0.0711534304564652,1.3147644379175507,True,False,
2025-07-07,146.05,0.096275,-0.005274999999999999,0.096275,148.0102706556693,144.11569146862422,149.0002504923433,143.15816536896443,149.99685189705224,142.20700121519815,0.8387196090865258,0.8387196090865258,144.78249999999997,146.4019589739852,143.16304102601475,0.02237092154072789,22.22222222222222,False,0.01087715529245999,0.08073496009712369,1.192482164903305,False,False,
2025-07-08,146.58,0.0946,-0.0035499999999999998,0.0946,148.51293087426208,144.67222667762707,149.48893389478442,143.7276716089393,150.47135104968856,142.78928347566315,0.27037082785848643,0.27037082785848643,144.868,146.67644335504912,143.05955664495087,0.024966774650704383,46.42857142857143,False,0.003622325663954082,0.0813181810819298,1.1633314806277884,False,False,
2025-07-09,146.33,0.0889,-0.0055000000000000005,0.0889,148.14264948327923,144.53952980243423,149.0573771820689,143.65252699868282,149.9777529961438,142.77096750843143,-0.1293372687708972,0.1293372687708972,144.9565,146.8715734491893,143.0414265508107,0.026422733015619076,72.41379310344827,False,-0.0017070093933689305,0.081138981716216,1.0956509204284595,False,False,
2025-07-10,146.26,0.08134999999999999,-0.0063,0.08134999999999999,147.9170451331313,144.62151796465614,148.75259449037685,143.80917303182832,149.59286367370984,143.00139107344015,-0.03861750473311945,0.03861750473311945,145.0955,146.96228981423369,143.2287101857663,0.02573187747702304,53.333333333333336,False,-0.0004784852615301065,0.07546334217900191,1.0780068527449354,False,False,
2025-07-11,147.43,0.086925,-0.005,0.086925,149.21545846186427,145.66590569136696,150.11627998194552,144.79179008841774,151.02253980861653,143.92291990019814,0.7060761210463146,0.7060761210463146,145.2635,147.33521706054367,143.19178293945632,0.02852357351356227,74.19354838709677,False,0.007967627018923245,0.07877248206029759,1.1034944910516078,False,False,
2025-07-14,147.72,0.10305,-0.004675,0.10305,149.8432075467353,145.62687730235677,150.91622802653356,144.59146431995023,151.99693235779844,143.56341316568964,0.162423268977758,0.162423268977758,145.41199999999998,147.73881033085848,143.08518966914147,0.03200300292766081,78.125,False,0.00196510312263395,0.07772477037498209,1.3258321575327492,True,False,
2025-07-15,148.88,0.11605,0.000925,0.11605,151.29200708187872,146.50644688720558,152.51262515427857,145.33389860398833,153.74309112616365,144.17073468238578,0.5463431974813997,0.5463431974813997,145.5915,148.38564632476738,142.7973536752326,0.03838337162220847,81.81818181818183,False,0.007822022349632743,0.08091472304893821,1.434226005195761,True,False,
2025-07-16,147.88,0.11515,-0.001675,0.11515,150.25707739011276,145.54052813913572,151.45990668248317,144.38470799961982,152.67236479455187,143.23806688543792,-0.4145924808898523,0.4145924808898523,145.729,148.6930150578495,142.76498494215053,0.04067845189151754,82.35294117647058,False,-0.006739478265564196,0.08541044869445095,1.3481957039230634,True,False,
2025-07-17,148.58,0.11654999999999999,0.0012,0.11654999999999999,150.99760186336397,146.20110602800395,152.221114678075,145.02598044093617,153.4545414489634,143.86030020064376,0.2944792638689864,0.2944792638689864,145.8855,149.10684640043252,142.6641535995675,0.044162667303227654,94.28571428571428,False,0.0047223996552291205,0.08636804889953957,1.3494573686105502,True,False,
2025-07-18,148.81,0.120375,0.0072499999999999995,0.120375,151.3114734925614,146.34988073847978,152.57793485828495,145.1351148550269,153.85499637450505,143.93043204198142,0.0951355984148515,0.0951355984148515,146.0215,149.4987056233949,142.5442943766051,0.04762594033611344,100.0,False,0.001546790718298733,0.08550115304623043,1.4078757503412065,True,False,
2025-07-21,147.38,0.08654999999999999,-0.00575,0.08654999999999999,149.15710672761307,145.62406630524208,150.05367964149644,144.75396039533857,150.95564179232295,143.88905338087628,-0.571663063491335,0.571663063491335,146.08300000000003,149.61288504360317,142.55311495639688,0.04832711600395862,100.0,False,-0.009656039103105746,0.09340211607151358,0.9266385349742263,False,False,
2025-07-22,146.63,0.086,-0.0085,0.086,148.3867606703946,144.89403773533311,149.27301816147659,144.03377894283557,150.16456893032102,143.1786276426934,-0.4220343034812333,0.4220343034812333,146.1675,149.66292181777982,142.67207818222016,0.04782761992617823,97.36842105263158,False,-0.005101878349865428,0.09005521190339487,0.9549697144930931,False,False,
2025-07-23,146.51,0.08474999999999999,-0.00745,0.08474999999999999,148.239659537299,144.800522120729,149.11213177430938,143.9532776078133,149.98973899211194,143.11099042001047,-0.06830754013467832,0.06830754013467832,146.231,149.7015309771213,142.76046902287868,0.047466419256126456,92.3076923076923,False,-0.0008187214757662609,0.09000545518487622,0.9416095927287825,False,False,
2025-07-24,147.01,0.0955,-0.00805,0.0955,148.96716680978523,145.07854692300137,149.95549966555603,144.12235728733424,150.9503896832486,143.17246974552418,0.28907423063199505,0.28907423063199505,146.36049999999997,149.7385559653836,142.98244403461635,0.04616076011469794,90.0,False,0.0034069261626531234,0.08758141774360154,1.090413953786184,False,False,
2025-07-25,147.69,0.10247500000000001,-0.00515,0.10247500000000001,149.80084740721395,145.6088965952644,150.8675577234705,144.5793676860632,151.94186393066153,143.55711806954025,0.3474410032911916,0.3474410032911916,146.5125,149.83968230718784,143.18531769281213,0.04541840876632171,87.8048780487805,False,0.004614870762344063,0.08855530151282076,1.1571865066165914,False,False,
2025-07-28,148.53,0.09595000000000001,-0.003475,0.09595000000000001,150.51678245130756,146.5694425612428,151.52011749715012,145.5988898663238,152.53014070890896,144.63476397167878,0.397944445026793,0.397944445026793,146.7375,149.9649537788693,143.51004622113072,0.04398948842483059,76.19047619047619,False,0.005671475603222514,0.08765345541153013,1.0946516546269383,False,False,
2025-07-29,148.46,0.09305,-0.004125,0.09305,150.3854382317597,146.55921383846677,151.3575016259815,145.61796649143838,152.33584825648933,144.68276411794037,-0.035232845928312,0.035232845928312,146.9895,149.8975394915151,144.0814605084849,0.0395679894348249,65.11627906976744,False,-0.00047139635204039495,0.0853450204280101,1.0902803647283579,False,False,
2025-07-30,149.51,0.09332499999999999,-0.0051,0.09332499999999999,151.45482390865968,147.59014947903492,152.43670223565738,146.63948886432428,153.42494605847847,145.69495166372732,0.5453303994282752,0.5453303994282752,147.28199999999998,149.9466030611866,144.61739693881336,0.03618368926530907,61.36363636363637,False,0.0070477185364353784,0.08740744775878373,1.0677007782854704,False,False,
2025-07-31,150.75,0.09542500000000001,0.000325,0.09542500000000001,152.7553714244979,148.77095507723288,153.76803883479354,147.79119687164675,154.78741956242996,146.8178910420699,0.6375898581247766,0.6375898581247766,147.573,150.42097324056047,144.72502675943954,0.03859748382916202,64.44444444444444,False,0.008259555381458538,0.08686730720826298,1.098514539782154,False,False,
2025-08-01,147.4,0.103125,-0.011699999999999999,0.103125,149.52016108997933,145.30990230090185,150.5916502969883,144.2759937695863,151.6708179943919,143.2494417007981,-1.6705134814807447,1.6705134814807447,147.71949999999998,150.1689508514533,145.27004914854666,0.033163541055220486,56.52173913043478,False,-0.022472855852058514,0.12194601532956532,0.8456610879929075,False,False,
2025-08-04,147.09,0.0953,-0.009475,0.0953,149.04410373182063,145.16151634504996,150.03086931468798,144.2067769041574,151.02416790551166,143.2583168644653,-0.1462153048016858,0.1462153048016858,147.7715,150.1135213941225,145.4294786058775,0.03169787670995418,53.191489361702125,False,-0.0021053354239846836,0.11659490496909769,0.8173599011488393,False,False,
2025-08-05,147.62,0.09345,-0.0062,0.09345,149.5428274726308,145.7218963175502,150.5136131046246,144.78201639377457,151.4907007757012,143.84819852582885,0.2712240867101775,0.2712240867101775,147.8235,150.0993806277088,145.5476193722912,0.030791864997227116,52.083333333333336,False,0.003596760010654613,0.1165854372270912,0.8015580866928793,False,False,
2025-08-06,147.37,0.09327500000000001,-0.007475000000000001,0.09327500000000001,149.28595312325058,145.47863643989115,150.25325051189307,144.54207696678716,151.22681549784465,143.6115468576374,-0.13001686503779453,0.13001686503779453,147.8755,150.05310346300845,145.69789653699152,0.0294518491975813,48.97959183673469,False,-0.0016949731167346823,0.11658262358752464,0.8000763504003118,False,False,
2025-08-07,147.14,0.094725,-0.008875,0.094725,149.08289621433252,145.22242423352245,150.06394379937743,144.27302822951543,151.0514472179791,143.3298389306862,-0.12004469066017844,0.12004469066017844,147.91950000000003,149.9927225107182,145.84627748928185,0.02803176742374307,46.0,False,-0.0015619167210533518,0.11674856086319801,0.8113590377443327,False,False,
2025-08-08,147.74,0.0825,-0.006625,0.0825,149.43760991130557,146.06167492209534,150.29371582812183,145.22967563701607,151.15472624883938,144.40241560205664,0.3088173189972184,0.3088173189972184,147.935,149.9974206523815,145.8725793476185,0.027882795178713497,45.09803921568628,False,0.004069457596473451,0.11414386438280331,0.722772095075741,False,False,
2025-08-11,148.15,0.07769999999999999,-0.006,0.07769999999999999,149.75274312581666,146.56441038652466,150.56060516931868,145.77799069894186,151.37282533720438,144.99579069827618,0.24151602630823604,0.24151602630823604,147.9565,150.01844874610896,145.89455125389105,0.027872364459945367,44.230769230769226,False,0.002771301918982574,0.1143537927424609,0.679470248748025,False,False,
2025-08-12,147.84,0.07405,-0.00385,0.07405,149.36387137554613,146.33167578420426,150.1316872631065,145.5832942295259,150.90345016430388,144.83874010966906,-0.19341839313274112,0.19341839313274112,147.9045,149.9203265902866,145.88867340971342,0.02725848896127695,43.39622641509434,False,-0.0020946661262002285,0.11088960909165636,0.6677812340270187,False,False,
2025-08-13,147.38,0.0759,-0.006875,0.0759,148.9372823143466,145.83900056774237,149.7220832478061,145.07455365852505,150.51101956292152,144.31411376440474,-0.3018627473300736,0.3018627473300736,147.87949999999998,149.90896168646842,145.85003831353154,0.027447505387405792,44.44444444444444,False,-0.003116322554520795,0.10884792479042328,0.6973031423992556,False,False,
2025-08-14,147.76,0.08007500000000001,-0.0087,0.08007500000000001,149.40765631857937,146.1305139105176,150.238361542796,145.3225219963596,151.07368548058156,144.51899767022186,0.24401484335834098,0.24401484335834098,147.8385,149.84133246796583,145.8356675320342,0.027094869982661036,41.81818181818181,False,0.002575050552131294,0.1078301020074749,0.7426033965399487,False,False,
2025-08-15,147.19,0.07707499999999999,-0.0075,0.07707499999999999,148.76948046385374,145.62728882597585,149.56556533849414,144.85216601139697,150.36591016702872,144.0811689028072,-0.3459459315468468,0.3459459315468468,147.7575,149.7256343022213,145.7893656977787,0.026640059587111332,41.07142857142857,False,-0.0038650666864892217,0.10832629693757441,0.7115077518473311,False,False,
2025-08-18,147.89,0.06915,-0.0052,0.06915,149.31303208928534,146.480530158422,150.02967470888134,145.78084063995684,150.74975692539022,145.0844933091648,0.44318370250182004,0.44318370250182004,147.783,149.7437420721975,145.82225792780247,0.02653542115395572,40.35087719298245,False,0.0047444849741822654,0.10424989516139602,0.6633100195731075,False,False,
2025-08-19,147.67,0.0678,-0.005024999999999999,0.0678,149.06304455799724,146.28997391446396,149.76448709708083,145.60480473494735,150.46923039818157,144.92284463936176,-0.15459946522392326,0.15459946522392326,147.835,149.72071918431843,145.9492808156816,0.02551113314598597,25.862068965517242,False,-0.0014886996929951535,0.10260113929916383,0.6608113756155196,False,False,
2025-08-20,147.33,0.075875,-0.006875,0.075875,148.88623852872954,145.79002810801433,149.6705114060661,145.02608894754042,150.45891551777467,144.26615282519245,-0.24406972343281153,0.24406972343281153,147.876,149.67403869755242,146.0779613024476,0.024318194941064325,20.33898305084746,False,-0.002305085766419432,0.1029613720662461,0.7369268539970647,False,False,
2025-08-21,148.37,0.08164999999999999,-0.005975,0.08164999999999999,150.05718433853565,146.70178570281723,150.90795758943105,145.87472557207113,151.7635544355953,145.05232815525585,0.6682780183118986,0.6682780183118986,147.94400000000002,149.70665827956745,146.18134172043258,0.023828722754115506,16.666666666666664,True,0.007034185243439356,0.10520350995420102,0.7761147896638169,False,False,
2025-08-22,146.94,0.0782,-0.007825,0.0782,148.53993780203223,145.35729528025018,149.34642766693656,144.57234724188893,150.15729632660685,143.791638023614,-0.8475659519463892,0.8475659519463892,147.9065,149.72300068451497,146.08999931548502,0.024562824277702164,22.950819672131146,False,-0.009684813770570925,0.10985619594814519,0.7118396857370914,False,False,
2025-08-25,147.8,0.0703,-0.007275,0.0703,149.24593275909297,146.36807580720543,149.97419512575473,145.65732445960393,150.70601113079633,144.95002446213687,0.5375208954420855,0.5375208954420855,147.87,149.6629334974608,146.0770665025392,0.02425013183824722,20.967741935483872,False,0.005835668321970041,0.10997515120701219,0.6392353111447012,False,False,
2025-08-26,147.4,0.07235,-0.0073750000000000005,0.07235,148.88428092233346,145.93051640779942,149.63201688805023,145.20127745290804,150.38350818019208,144.47568262582777,-0.2766380369242964,0.2766380369242964,147.817,149.59913473411174,146.03486526588827,0.024112716860871696,19.047619047619047,True,-0.0027100287588652412,0.11032244772404912,0.6558048837075292,False,False,
2025-08-27,147.42,0.07617499999999999,-0.0072,0.07617499999999999,148.98337865196459,145.87302688824755,149.77127435230508,145.10563854106323,150.5633368237326,144.34228716279605,0.013474538208400342,0.013474538208400342,147.7125,149.31243256436875,146.11256743563126,0.021662791766014964,7.8125,True,0.00013567600590648507,0.10684159776311088,0.7129713669098731,False,False,
2025-08-28,146.93,0.08372500000000001,-0.00825,0.08372500000000001,148.64351693944485,145.2362359590483,149.5077546293056,144.39669001468883,150.3770171382769,143.5619971112254,-0.3134237501479412,0.3134237501479412,147.5215,148.29136054786505,146.75163945213495,0.010437265725538998,1.5384615384615385,True,-0.003329372873287675,0.10174420838754239,0.8228969621650851,False,False,
2025-08-29,147.05,0.092525,-0.007975,0.092525,148.9463218907686,145.17782128153513,149.90363366472658,144.2506894019889,150.86709829845933,143.32947835466405,0.07003140572329712,0.07003140572329712,147.504,148.30092567176428,146.7070743282357,0.010805478790599374,3.0303030303030303,True,0.0008163821121491567,0.06399658401527153,1.4457802931781596,True,False,
2025-09-01,147.18,0.09595000000000001,-0.008025,0.09595000000000001,149.14872444074226,145.23726221075685,150.14294010119542,144.27553094004938,151.1437831383372,143.32016805595964,0.0685537622240428,0.0685537622240428,147.5085,148.29654955761953,146.72045044238047,0.01068480199608199,2.9850746268656714,True,0.0008836624984489307,0.06364456856280569,1.5075913336628983,True,False,
2025-09-02,148.36,0.099875,-0.006750000000000001,0.099875,150.42625096811443,146.32213100003116,151.47014300218467,145.31371769869222,152.52127918793573,144.312254114251,0.5993728607113361,0.5993728607113361,147.5455,148.4203046398459,146.6706953601541,0.011858099906075146,5.88235294117647,True,0.007985425122937234,0.06861828249033886,1.4555158825792813,True,False,
2025-09-03,148.1,0.103675,-0.006825,0.103675,150.2416726778393,145.9888565473567,151.32409519128208,144.94459704037678,152.41431606370693,143.90780713034903,-0.12583176197482146,0.12583176197482146,147.58200000000002,148.48638929670867,146.67761070329138,0.012256092161762863,7.246376811594203,True,-0.0017540313476370473,0.06864080168547725,1.5103990258600835,True,False,
2025-09-04,148.49,0.103925,-0.0072,0.103925,150.64252780465654,146.36822961834577,151.73046482144144,145.31874087348186,152.8262588953917,144.2767771675452,0.18210065619993893,0.18210065619993893,147.6495,148.61447559281984,146.68452440718013,0.013071166415326222,8.571428571428571,True,0.0026298946342171916,0.06878816178407358,1.510797749272922,True,False,
2025-09-05,147.43,0.096625,-0.00755,0.096625,149.4160348779709,145.47036345698518,150.41906263522895,144.50033472625438,151.42882370382569,143.53677436279838,-0.49244427770313737,0.49244427770313737,147.63400000000001,148.6028061019415,146.66519389805853,0.013124430712999468,9.859154929577464,True,-0.0071641290462417795,0.0724243435572008,1.33415085666169,True,False,
2025-09-08,147.5,0.082475,-0.004725,0.082475,149.19433565555727,145.8249061829554,150.04878814625476,144.99450657871267,150.9081341810379,144.16883568317118,0.03524610810033275,0.03524610810033275,147.6015,148.5405762538407,146.66242374615928,0.012724481171813434,8.333333333333332,True,0.00047468891814610403,0.07166948878017894,1.1507686381433972,False,False,
2025-09-09,147.41,0.081775,-0.008275,0.081775,149.08884852957473,145.75005652209782,149.9354293773797,144.92710755713017,150.78681741994762,144.1088052112795,-0.053118164458624724,0.053118164458624724,147.57999999999998,148.51576875236134,146.64423124763863,0.012681511754456634,8.21917808219178,True,-0.0006103557206877636,0.0713474468908434,1.146151734414688,False,False,
2025-09-10,147.46,0.074125,-0.0066,0.074125,148.9815018675482,145.95403675908625,149.748129824564,145.2068324691234,150.51870269029067,144.4634534536328,0.029782317534433497,0.029782317534433497,147.584,148.51684849562545,146.65115150437455,0.01264159388044029,8.108108108108109,True,0.000339132502317714,0.07048836808331624,1.0515919436861598,False,False,
2025-09-11,147.21,0.0801,-0.006,0.0801,148.85203866935342,145.58607523097174,149.67991376941526,144.78084302870627,150.51239328865356,143.9800645415268,-0.16431133298762365,0.16431133298762365,147.5565,148.49987077602276,146.61312922397724,0.012786570242893543,12.0,True,-0.0016968137915827674,0.07007013164948052,1.1431404239497223,False,False,
2025-09-12,147.68,0.081875,-0.00525,0.081875,149.36399200453863,146.01499402437832,150.21317532695147,145.18954381018887,151.06718653529174,144.36876002125703,0.2862295564483089,0.2862295564483089,147.581,148.50963000393682,146.65236999606316,0.01258468236340493,7.894736842105263,True,0.003187631984620293,0.06963011454506814,1.1758561727915349,False,False,
2025-09-15,147.4,0.08172499999999999,-0.005375,0.08172499999999999,149.07770238533962,145.7411782738652,149.92370088595806,144.91878116407239,150.77450032898165,144.101024726286,-0.1662715732885656,0.1662715732885656,147.5565,148.47662070146492,146.63637929853508,0.012471435707202654,7.792207792207792,True,-0.001897790999305838,0.06780550785081166,1.2052855673585476,True,False,
2025-09-16,146.48,0.09574999999999999,-0.008125,0.09574999999999999,148.43524976120625,144.5505055875727,149.42264015296513,143.5953104431492,150.416598659692,142.64642726394658,-0.548369012310713,0.548369012310713,147.497,148.53284392240343,146.4611560775966,0.01404562699449366,17.94871794871795,True,-0.006261079388981063,0.07107751188600094,1.3471208749339807,True,False,
2025-09-17,146.99,0.08355,-0.006975,0.08355,148.70061288410818,145.29906555825008,149.56337020396307,144.46090690879265,150.4311332206912,143.6275831832142,0.26083624205911327,0.26083624205911327,147.48,148.53830052442638,146.4216994755736,0.0143517836239,18.9873417721519,True,0.0034756568876412406,0.0719835836240932,1.1606813080647387,False,False,
2025-09-18,148.0,0.07995000000000001,-0.00385,0.07995000000000001,149.64774201601298,146.37040094902449,150.47847967108615,145.5623425215185,151.31382898980527,144.7587450944472,0.5904316572048703,0.5904316572048703,147.4615,148.46585420466198,146.45714579533802,0.0136219176484978,17.5,True,0.006847716510218604,0.07174057169494436,1.1144321561858166,False,False,
2025-09-19,147.95,0.0691,-0.003225,0.0691,149.37257512700327,146.54097300919406,150.08898390173334,145.841499695483,150.80882865881878,145.1453651266059,-0.030344556073768975,0.030344556073768975,147.512,148.507476082877,146.516523917123,0.013496882733296148,17.28395061728395,True,-0.0003378949178964862,0.06226728558549565,1.1097320101600179,False,False,
2025-09-22,147.72,0.065225,-0.00315,0.065225,149.06035201850807,146.3917004388301,149.73508183534645,145.73203642413807,150.4128658535171,145.0753449591942,-0.16167863168287938,0.16167863168287938,147.50799999999998,148.49923739787624,146.51676260212372,0.013439778152727469,17.073170731707318,True,-0.0015557888618561143,0.059064065741497765,1.104309349198317,False,False,
2025-09-23,147.64,0.064375,-0.0038250000000000003,0.064375,148.9620904416675,146.3296435715352,149.62756871705813,145.67883303122193,150.2960199725788,145.03091701281855,-0.059685813051603843,0.059685813051603843,147.52,148.51154318853895,146.52845681146107,0.013442830647219914,18.072289156626507,True,-0.0005417118225646987,0.05825364436433811,1.1050810760847314,False,False,
2025-09-24,148.9,0.065625,-0.003675,0.065625,150.2593820999753,147.55291609843275,150.94372002079925,146.8839511636849,151.63117467472384,146.2180191346617,0.953036161740054,0.953036161740054,147.594,148.75972814380725,146.42827185619274,0.015796416437080876,23.809523809523807,False,0.008498061528165683,0.06547251771343585,1.0023289510147075,False,False,
2025-09-25,149.8,0.07235,-0.003,0.07235,151.30844831862655,148.30658994496847,152.06835908975526,147.56547735716163,152.83208633237973,146.82806823167573,0.6620655075687368,0.6620655075687368,147.7375,149.22205735029567,146.25294264970435,0.020097231241839878,24.705882352941178,False,0.006026131393155875,0.06662792306421118,1.0858810641639585,False,False,
2025-09-26,149.49,0.07525,-0.002525,0.07525,151.05597955914354,147.94025476661315,151.84511028599024,147.17141736016666,152.63836350640437,146.40657555963878,-0.20550919522537037,0.20550919522537037,147.8595,149.4991081046528,146.2198918953472,0.022177920318313105,32.55813953488372,False,-0.002071570121696241,0.06749758658413983,1.114854675673423,False,False,
2025-09-29,148.59,0.094025,0.001825,0.094025,150.53744887479053,146.66774457141352,151.5207238705385,145.71596238455547,152.51042138589526,144.77035667047176,-0.5747201454482808,0.5747201454482808,147.93,149.5678419691138,146.2921580308862,0.02214347284680313,32.18390804597701,False,-0.006038665693166936,0.07175326313386295,1.310393366007437,True,False,
2025-09-30,147.9,0.095025,5e-05,0.095025,149.85915740463574,145.96645529600008,150.8484467194067,145.0091828965837,151.8442667885557,144.0581884494874,-0.35430968634502175,0.35430968634502175,147.907,149.5322883145043,146.2817116854957,0.02197716557707617,30.681818181818183,False,-0.004654465551501929,0.06814692207883437,1.3944136741799178,True,False,
2025-10-01,147.07,0.095825,-0.00055,0.095825,149.0346731424968,145.13122647183758,150.02683001016587,144.17144519106597,151.02559188611454,143.21801113224868,-0.423651513674233,0.423651513674233,147.85549999999998,149.5198440307318,146.19115596926815,0.022513116261915534,37.07865168539326,False,-0.00562770580453188,0.07069193841371252,1.3555293877952606,True,False,
2025-10-02,147.26,0.0908,-0.000725,0.0908,149.12340217143154,145.4198823540147,150.06392688357,144.50846416157776,151.0103835066041,143.6027582768945,0.0967081983716301,0.0967081983716301,147.794,149.45050742289504,146.13749257710498,0.022416436701016715,35.55555555555556,False,0.0012910680283484178,0.0701009551401983,1.2952747907415052,True,False,
2025-10-03,147.47,0.08067500000000001,-0.000275,0.08067500000000001,149.12681313592554,145.8315942162444,149.9621869970799,145.0192300838042,150.8022404290856,144.2113912772182,0.11269708880862668,0.11269708880862668,147.796,149.45075264489608,146.1412473551039,0.02239238741097313,35.16483516483517,False,0.0014250333222787007,0.06562151099339764,1.2293986953167986,True,False,
2025-10-06,150.35,0.0754,0.003175,0.0754,151.92814440376435,148.78824847570445,152.72341763617484,148.01346676153503,153.52285375438026,147.24271955083452,1.7382768989160409,1.7382768989160409,147.93850000000003,149.9403756993856,145.93662430061445,0.027063620347449493,64.13043478260869,False,0.01934114417168869,0.09498336527044203,0.7938232108887365,False,False,
2025-10-07,151.9,0.08602499999999999,0.004075,0.08602499999999999,153.7204322584891,150.1011261873145,154.6388134235498,149.20969379661668,155.5626813280891,148.3235555148131,0.9821661416425379,0.9821661416425379,148.16299999999998,150.81637203533455,145.5096279646654,0.03581693182960078,78.49462365591397,False,0.010256500167189282,0.10028951032512044,0.8577666769049177,False,False,
2025-10-08,152.69,0.08975,0.0076,0.08975,154.59963059437527,150.80395735983234,155.5633834197995,149.86969033120587,156.5331441477326,148.94121131302728,0.4339628658611373,0.4339628658611373,148.4245,151.73552448766168,145.1134755123383,0.04461560574786081,92.5531914893617,False,0.005187312593693163,0.10101893320030667,0.8884473153368001,False,False,
2025-10-09,153.07,0.08975,0.004975,0.08975,154.9843830970006,151.17926356060997,155.95053441658726,150.24267141920024,156.9227085905654,149.311881692875,0.19899136572239123,0.19899136572239123,148.7175,152.5690171310182,144.8659828689818,0.05179642114772234,100.0,False,0.0024856109081955236,0.10021798690463815,0.8955478230210421,False,False,
2025-10-10,151.19,0.09875,-0.0045000000000000005,0.09875,153.271784239402,149.13649119068404,154.32340110358203,148.12021985348423,155.38223324247502,147.11087376591692,-0.9820395943453143,0.9820395943453143,148.893,152.86350228825685,144.92249771174315,0.053333632719561735,100.0,False,-0.01235800911150597,0.11215620205919728,0.8804684733161583,False,False,
2025-10-13,152.28,0.093675,-0.00505,0.093675,154.26833319222334,150.31729403017215,155.2722143945012,149.34544786669332,156.28262822371178,148.37988497867894,0.5235893227403414,0.5235893227403414,149.137,153.31552202528474,144.95847797471527,0.056036020910769764,100.0,False,0.007183607522186814,0.11348154457642709,0.8254646193761677,False,False,
2025-10-14,151.84,0.09112500000000001,-0.00755,0.09112500000000001,153.7682772737496,149.93590361264899,154.74157955464423,148.99282834229052,155.7210425167066,148.05568487975216,-0.2212908790744439,0.2212908790744439,149.405,153.55343787974525,145.25656212025476,0.055532785110876406,98.9795918367347,False,-0.002893596652678798,0.11097832311091814,0.8211062975688003,False,False,
2025-10-15,151.05,0.0902,-0.0073,0.0902,152.94865098561513,149.1749182027494,153.90690735954294,148.2461241762149,154.87116741687856,147.32311301421365,-0.40969211780618103,0.40969211780618103,149.608,153.65495909229838,145.56104090770162,0.054100838087513765,97.97979797979798,False,-0.005216427028936637,0.11349485998302636,0.7947496478121546,False,False,
2025-10-16,150.43,0.091675,-0.00835,0.091675,152.3519748251634,148.53227157684617,153.3221512923267,147.5924040281355,154.29850583744746,146.65848367864115,-0.32654764077092174,0.32654764077092174,149.7295,153.71868788727727,145.74031211272273,0.05328526292116474,96.0,False,-0.004113048122948637,0.11313688148001293,0.8103016346282761,False,False,
2025-10-17,150.61,0.09445,-0.0098,0.09445,152.59290413968617,148.65286317137824,153.59412479232256,147.68385269078885,154.60191483821427,146.7211588144778,0.09365367206862595,0.09365367206862595,149.8625,153.7785822258987,145.94641777410132,0.05226233682073488,95.04950495049505,False,0.0011958545140249503,0.11306068345749055,0.8353920842475011,False,False,
2025-10-20,150.75,0.07567499999999999,-0.006999999999999999,0.07567499999999999,152.33814443037483,149.1784121762529,153.13847980871395,148.39877298237917,153.9430198904792,147.62320835441457,0.0706035139056922,0.0706035139056922,150.014,153.8138027649644,146.2141972350356,0.05065930866404998,93.13725490196079,False,0.0009291213835374915,0.11269091003106783,0.6715270999154865,False,False,
2025-10-21,151.93,0.081075,-0.002125,0.081075,153.64543165992933,150.23372091589474,154.51039718904582,149.39269667243127,155.3802321461595,148.5563805715458,0.7430054706809626,0.7430054706809626,150.2285,153.9475223672923,146.5094776327077,0.0495115423144383,92.23300970873787,False,0.0077970528483801834,0.11502606519660907,0.7048402452211332,False,False,
2025-10-22,151.98,0.08067500000000001,-0.00435,0.08067500000000001,153.68748260933046,150.29148768552807,154.5484042843711,149.45427943403104,155.41414864319813,148.6217349041271,0.029147182699218083,0.029147182699218083,150.3825,154.12489931482173,146.64010068517825,0.0497717395949893,92.3076923076923,False,0.0003290447859636821,0.11198521978127628,0.7204075694772063,False,False,
2025-10-23,152.57,0.09695000000000001,-0.005325,0.09695000000000001,154.63223547510916,150.53526729714093,155.6737827272008,149.5280996723202,156.72234546784827,148.52767057889278,0.34553792628749297,0.34553792628749297,150.52100000000002,154.37596480972394,146.6660351902761,0.05122162103259909,93.33333333333333,False,0.0038745738834718916,0.11096627465653956,0.8736888779953871,False,False,
2025-10-24,152.86,0.0908,-0.005600000000000001,0.0908,154.7942635877022,150.94990640115913,155.77055455264505,150.0038288180007,156.75300300705896,149.06368077010794,0.14062409627817604,0.14062409627817604,150.6895,154.64793390084608,146.73106609915394,0.05253762074790976,95.28301886792453,False,0.0018989626896274009,0.11044220329507329,0.822149479917615,False,False,
2025-10-27,152.88,0.083025,-0.006375,0.083025,154.6479144071136,151.1322961554592,155.53952350276234,150.26595088922795,156.43627309307917,149.40457182902554,0.010339852400230923,0.010339852400230923,150.904,154.84831983330045,146.95968016669954,0.05227588179637988,94.39252336448598,False,0.0001308301172794272,0.10726789635706963,0.7739967205437616,False,False,
2025-10-28,152.11,0.08904999999999999,-0.009675,0.08904999999999999,153.99744762047726,150.24568561046323,154.94993595597555,149.3221146382005,155.90831551917452,148.4042209227411,-0.4355414475393751,0.4355414475393751,151.1145,154.8263046398227,147.4026953601773,0.04912572439868712,87.96296296296296,False,-0.005049356608365893,0.10757336655399184,0.8278071315663915,False,False,
2025-10-29,152.73,0.099025,-0.0143,0.099025,154.8388856728878,150.6498370782608,155.90422326605113,149.6204041900348,156.9768906987601,148.59800570750028,0.32848593692004274,0.32848593692004274,151.3975,154.64495001177016,148.15004998822985,0.042899651734938225,74.31192660550458,False,0.004067713258702642,0.1046334699471938,0.9463988917692946,False,False,
2025-10-30,154.13,0.077775,-0.006175000000000001,0.077775,155.79905522187508,152.47882515185182,156.64034839895115,151.65988292808893,157.48618444189245,150.84533912728867,0.663857703619797,0.663857703619797,151.741,154.57243928436603,148.909560715634,0.0373193703002618,69.0909090909091,False,0.009124745576274103,0.10769079932084041,0.7222065440176273,False,False,
2025-10-31,153.99,0.07139999999999999,-0.006500000000000001,0.07139999999999999,155.52017887428667,152.47487671145316,156.29096084987913,151.72291456302952,157.06556293973716,150.97466087520513,-0.08387978909571596,0.08387978909571596,152.067,154.2565454947734,149.8774545052266,0.02879711567629266,60.36036036036037,False,-0.0009087369183068043,0.10825364423603193,0.659562091455529,False,False,
2025-11-03,154.22,0.065525,-0.006375,0.065525,155.62579582587225,152.8269029808619,156.33349192405743,152.13508063616672,157.0444062147327,151.44639005785095,0.15030922453900036,0.15030922453900036,152.2605,154.49470750108242,150.0262924989176,0.029347171473657434,60.71428571428571,False,0.001492489164492923,0.08717689305241991,0.7516326598219035,False,False,
2025-11-04,153.67,0.073625,-0.008525,0.073625,155.24482714284804,152.11114814325643,156.03828254262888,151.33766224034565,156.83579328829808,150.56810951688493,-0.3912374683989115,0.3912374683989115,152.349,154.6619193218683,150.03608067813167,0.03036343293186462,62.83185840707964,False,-0.0035727083375737103,0.08193408902877782,0.898588131908571,False,False,
2025-11-05,154.12,0.0672,-0.009025,0.0672,155.56096436737556,152.6923833147791,156.28649088511975,151.9835416706611,157.01540121274257,151.27799067186237,0.28574564646263356,0.28574564646263356,152.4205,154.86260845054198,149.97839154945802,0.032044356901361426,65.78947368421053,False,0.002924073690715854,0.08062932825198127,0.8334436297173135,False,False,
2025-11-06,153.06,0.072825,-0.009875,0.072825,154.61144575951806,151.52412219492996,155.39305587234077,150.76197239628362,156.17861727328102,150.00365612795025,-0.7356184677422652,0.7356184677422652,152.42000000000002,154.86155256903606,149.97844743096397,0.0320371679443124,65.21739130434783,False,-0.006901518376181778,0.08431195100487536,0.8637565509044961,False,False,
2025-11-07,153.42,0.07305,-0.010175,0.07305,154.97992375107896,151.87577739298072,155.7658233811872,151.10950456955496,156.55570829025064,150.3470978928578,0.23204162813388854,0.23204162813388854,152.5315,154.93999614577407,150.1230038542259,0.031580311552355814,62.93103448275862,False,0.002349257149375021,0.07080946853800459,1.0316416929579537,False,False,
2025-11-10,154.15,0.067575,-0.007875,0.067575,155.59932520830256,152.71417448751302,156.32908981588318,152.0012847767872,157.06227703716579,151.29172292833326,0.46797159123648485,0.46797159123648485,152.625,155.13542038836403,150.11457961163597,0.032896581665703854,66.66666666666666,False,0.0047468958010091844,0.06835047869067297,0.9886543780595527,False,False,
2025-11-11,154.16,0.067325,-0.007825,0.067325,155.60403193123383,152.7293689311509,156.33111240169302,152.01903981169798,157.06159025205267,151.3120143624001,0.00689976269142714,0.00689976269142714,152.741,155.3123555712274,150.1696444287726,0.0336694871871652,67.79661016949152,False,6.486977395143432e-05,0.06713491442073594,1.0028313967613451,False,False,
2025-11-12,154.79,0.076775,-0.006125,0.076775,156.44453556808142,153.1529625691089,157.2784235244493,152.34094774783503,158.11675630927508,151.533238217552,0.4362784411988045,0.4362784411988045,152.928,155.52540437238451,150.33059562761548,0.03396898373593478,68.0672268907563,False,0.004078335479675102,0.06420723068883874,1.1957376011444445,False,False,
2025-11-13,154.56,0.08305,-0.0070750000000000006,0.08305,156.34788333275569,152.7925616310226,157.24956565984056,151.91643614250617,158.15644812780133,151.04533443174066,-0.1390118196532305,0.1390118196532305,153.1345,155.5457235374113,150.7232764625887,0.03149157815399277,60.83333333333333,False,-0.0014869891215781444,0.0619496445033525,1.3406049488388205,True,False,
2025-11-14,154.55,0.08380000000000001,-0.009625,0.08380000000000001,156.3540063216616,152.76680823170457,157.26389075484806,151.88294264723746,158.1790701574519,151.0041908592844,-0.005593206120769566,0.005593206120769566,153.3315,155.50651869320413,151.15648130679588,0.028370148250087202,54.54545454545454,False,-6.470188608253108e-05,0.06215364415685098,1.3482717085505442,True,False,
2025-11-17,155.26,0.08047499999999999,-0.007325000000000001,0.08047499999999999,156.99998464812617,153.5392990899105,157.87727581437892,152.68611315755,158.75946914538102,151.8376682018613,0.39356846562823117,0.39356846562823117,153.557,155.530979149892,151.58302085010797,0.02571005098943086,40.98360655737705,False,0.0045834623994088644,0.06321582239232908,1.2730199015771284,True,False,
2025-11-18,155.51,0.08305,-0.0070750000000000006,0.08305,157.30887252249502,153.73169810585094,158.2160970222684,152.85018752925166,159.12855362548126,151.97373160895438,0.14367942859106897,0.14367942859106897,153.73600000000002,155.73784546435428,151.73415453564576,0.026042637565102004,44.71544715447154,False,0.0016089072557119424,0.058658323508716775,1.41582634879871,True,False,
2025-11-19,157.16,0.09757500000000001,-0.0039250000000000005,0.09757500000000001,159.29806404805927,155.05063258363504,160.37797910229494,154.00658954709678,161.465215127638,152.96957663900096,0.9172412049028617,0.9172412049028617,153.995,156.34955661263498,151.64044338736502,0.030579650152731966,60.483870967741936,False,0.010554356457012753,0.06731720676111062,1.4494808191650848,True,False,
2025-11-20,157.47,0.09417500000000001,-0.001925,0.09417500000000001,159.53714583782718,155.42963846931588,160.5808725685537,154.41939319026918,161.63142758671577,153.41571419763915,0.14499097923721765,0.14499097923721765,154.23999999999998,156.9613850962521,151.51861490374787,0.035287669816547025,69.6,False,0.0019705692420590067,0.06682986708416008,1.4091753299674186,True,False,
2025-11-21,156.41,0.08725,-0.006274999999999999,0.08725,158.31133625994718,154.5314989940453,159.27065422499908,153.60072587785052,160.23578536161415,152.6755589882145,-0.5127843331625744,0.5127843331625744,154.41750000000002,157.2217289492832,151.61327105071683,0.036320092596800045,72.22222222222221,False,-0.0067541992461679695,0.07305204929124036,1.1943539003561137,False,False,
2025-11-24,156.89,0.08015,-0.003525,0.08015,158.6411116914232,155.15821742272095,159.52398327991986,154.29950778503633,160.41176823692146,153.44555060103477,0.252454029364235,0.252454029364235,154.618,157.53069164718423,151.70530835281576,0.03767597106655412,73.22834645669292,False,0.003064158158713945,0.07325215196269949,1.0941658074538607,False,False,
2025-11-25,156.05,0.0751,-0.003575,0.0751,157.68142320061938,154.43545603350663,158.50351958682117,153.63445911787014,159.329902099153,152.83761666310255,-0.4796952725027327,0.4796952725027327,154.815,157.54040870908878,152.08959129091122,0.035208587140636016,67.96875,False,-0.0053684541280756125,0.07362648221979876,1.020013420929202,False,False,
2025-11-26,156.47,0.074975,-0.004,0.074975,158.10307720067726,154.853791168937,158.92599638530356,154.0519578725386,159.75319882612203,153.25427647084265,0.2574439298402357,0.2574439298402357,155.002,157.63677633126372,152.3672236687363,0.033996675285011914,67.44186046511628,False,0.0026878295971774413,0.07309419051176368,1.025731312913762,False,False,
2025-11-27,156.31,0.07844999999999999,-0.00565,0.07844999999999999,158.0174325389533,154.62101685506755,158.87813022348456,153.7833814234331,159.7435160015524,152.95028375212775,-0.09797454764149661,0.09797454764149661,155.111,157.77410384800538,152.4478961519946,0.03433803982961095,67.6923076923077,False,-0.001023083406586088,0.06715402406397669,1.1682099634902263,False,False,
2025-11-28,156.18,0.0824,-0.0079,0.0824,157.9724022326813,154.4079349003769,158.8763026069653,153.52945656308736,159.78537499784895,152.65597618260355,-0.07613770795283605,0.07613770795283605,155.2205,157.86958703240592,152.57141296759406,0.034133210914871814,67.17557251908397,False,-0.0008320266728507394,0.06713016468264642,1.2274660786181706,True,False,
2025-12-01,155.46,0.07795,-0.008775,0.07795,157.14726602872838,153.7908498871488,157.99775387185483,152.96300743364665,158.8528445922033,152.13962118237188,-0.4016955496216596,0.4016955496216596,155.28249999999997,157.89072080918612,152.67427919081382,0.033593235672869134,64.39393939393939,False,-0.004620724432455416,0.06964059776078267,1.1193183646665463,False,False,
2025-12-02,155.88,0.0735,-0.00705,0.0735,157.47474945808338,154.30140059672104,158.27823202469784,153.51810599077473,159.08581419608754,152.7387876963676,0.24892340202957036,0.24892340202957036,155.393,157.89882563345122,152.88717436654878,0.032251460921035355,62.40601503759399,False,0.0026980166684348536,0.06844255690154481,1.0738932519094861,False,False,
2025-12-03,155.25,0.070275,-0.007175,0.070275,156.76827362710873,153.74643059048228,157.53296940513903,153.0001154108489,158.30139527229647,152.25742299075026,-0.39504637973487783,0.39504637973487783,155.4495,157.8844254824863,153.0145745175137,0.03132754344640937,57.46268656716418,False,-0.004049759656920305,0.06991656261623093,1.0051266448228657,False,False,
2025-12-04,155.1,0.083625,-0.007475000000000001,0.083625,156.90662361578808,153.31417785717662,157.81781158433063,152.4289923836991,158.7342910026214,151.54891767905858,-0.0987964206989837,0.0987964206989837,155.55149999999998,157.72146022277346,153.3815397772265,0.027900215977004185,49.629629629629626,False,-0.00096665063109499,0.06471569343009353,1.2921904343083717,True,False,
2025-12-05,155.33,0.082225,-0.0073,0.082225,157.10883963634447,153.5713009901102,158.00588416489606,152.69943285669328,158.9080505496594,151.83251456766246,0.1273093067034265,0.1273093067034265,155.647,157.5768115533847,153.7171884466153,0.024797285567787306,33.088235294117645,False,0.0014818158173227254,0.0644885893490766,1.2750317665489046,True,False,
2025-12-08,155.92,0.0809,-0.006925,0.0809,157.67666116891456,154.1829096314784,158.56239961086342,153.32163526575687,159.45311363119995,152.465172026864,0.3316768909042517,0.3316768909042517,155.7355,157.5341366181663,153.93686338183372,0.023098607808319675,26.277372262773724,False,0.003791169199489383,0.06376227563420245,1.268775293782093,True,False,
2025-12-09,156.88,0.09054999999999999,-0.005175,0.09054999999999999,158.85963194915323,154.92503726734958,159.858796006759,153.95671063955345,160.8642444098701,152.99443633534966,0.5464912738938591,0.5464912738938591,155.8715,157.5774928425833,154.1655071574167,0.0218897340768941,19.565217391304348,True,0.006138126688785481,0.06669976514480606,1.3575759945093473,True,False,
2025-12-10,156.02,0.08902499999999999,-0.006175000000000001,0.08902499999999999,157.95541775388517,154.1082967975707,158.932111376052,153.16124720952965,159.9148442366644,152.22001757369654,-0.43442418696457347,0.43442418696457347,155.933,157.56176898946742,154.30423101053256,0.02089062596714527,17.26618705035971,True,-0.005496977727923647,0.06921231840347604,1.2862594701860024,True,False,
2025-12-11,155.59,0.089175,-0.006025,0.089175,157.52335579059078,153.68037316435846,158.49902404363715,152.7343669531688,159.48073539127873,151.79418404740966,-0.2221742562487208,0.2221742562487208,155.9845,157.49102580462406,154.47797419537594,0.019316352645603396,15.0,True,-0.0027598618332957425,0.06981639718752267,1.27727874242037,True,False,
2025-12-12,155.81,0.10055,-0.005325,0.10055,157.99477743119783,153.65543402579763,159.09862759551493,152.58934955567383,160.21018994630472,151.53066173965888,0.11379178166310101,0.11379178166310101,156.0475,157.39883267554598,154.69616732445405,0.01731950432459298,14.893617021276595,True,0.001412973902391872,0.06990199020941033,1.4384425922463044,True,False,
2025-12-15,155.23,0.102,-0.004875,0.102,157.43825556417588,153.05271780134598,158.55413580759964,151.9755557132874,159.6779251117101,150.90597453055756,-0.26547326593447124,0.26547326593447124,156.046,157.40107467263587,154.6909253273641,0.01736763098875818,15.492957746478872,True,-0.003729428190911338,0.06954008123776441,1.4667799948529239,True,False,
2025-12-16,154.72,0.088725,-0.003425,0.088725,156.63278381980462,152.8305749040339,157.59802535624922,151.89453259891863,158.56921514440052,150.96422327751756,-0.23095152946680036,0.23095152946680036,156.0065,157.46914756340513,154.54385243659485,0.018751110542254864,16.083916083916083,True,-0.0032908563333677613,0.0701993583322859,1.2639004416539494,True,False,
2025-12-17,155.69,0.08310000000000001,-0.003175,0.08310000000000001,157.49204519490934,153.90857404894183,158.40087448219245,153.02551945649145,159.31494829260305,152.14753141356937,0.5071142854497176,0.5071142854497176,155.933,157.2959241010641,154.5700758989359,0.017480893730821512,15.972222222222221,True,0.006249818996599051,0.06266741901999605,1.3260479097357478,True,False,
2025-12-18,155.55,0.0738,-0.003125,0.0738,157.14790200293544,153.96834568970598,157.95299798048387,153.18355972572013,158.76221860446287,152.40277386322597,-0.07768950545495583,0.07768950545495583,155.83700000000002,156.9998838924702,154.67411610752984,0.01492436189698437,13.793103448275861,True,-0.0008996273579370546,0.06200967155911071,1.1901369277476364,False,False,
2025-12-19,157.75,0.0571,-0.0043,0.0571,159.00235162964304,156.50751227858342,159.63225085706222,155.88994308100413,160.264645475478,155.27481077420563,1.3768053334675612,1.3768053334675612,155.904,157.33043316665925,154.47756683334075,0.01829886554109261,17.123287671232877,True,0.014044278077676437,0.07686180015504182,0.7428917860994759,False,False,
2025-12-22,157.05,0.0584,-0.00645,0.0584,158.32529525012873,155.7849771322624,158.96682105937182,155.15629195848416,159.61094629761504,154.53014390384925,-0.5589484482081928,0.5589484482081928,155.91199999999998,157.36329488461286,154.4607051153871,0.018616846485361976,17.687074829931973,True,-0.004447275436666881,0.07805831878559125,0.7481585679600883,False,False,
2025-12-23,156.23,0.07435,-0.008625,0.07435,157.846909591046,154.62965327123865,158.66162895899774,153.8356378926855,159.48055346248384,153.04569974258135,-0.6429883589053197,0.6429883589053197,155.921,157.37811900319497,154.46388099680502,0.018690477911185478,18.243243243243242,True,-0.005234945560843887,0.07793672368885497,0.9539790291522368,False,False,
2025-12-24,155.93,0.07815,-0.009775,0.07815,157.62673284171726,154.2515312070533,158.48201030228012,153.41908430884027,159.34192847017323,152.5911298641732,-0.18553913073513795,0.18553913073513795,155.894,157.32811663623082,154.4598833637692,0.01839861234211466,17.449664429530202,True,-0.0019220918270175873,0.0775903962434081,1.0072122812059932,False,False,
2025-12-25,155.83,0.07865,-0.009825,0.07865,157.53655254757874,154.14193409282663,158.39682449210397,153.30477096282007,159.26179418966848,152.47215456508573,-0.058936797556641204,0.058936797556641204,155.87,157.29080777617534,154.44919222382467,0.018230676540390546,16.666666666666664,True,-0.0006415191392709539,0.07754675017339178,1.0142268995688586,False,False,
2025-12-26,156.57,0.072375,-0.009575,0.072375,158.14716803980025,155.00856072130625,158.94169979535636,154.2336902874635,159.74022328037822,153.46269334413287,0.4336227449016414,0.4336227449016414,155.8895,157.3386445752575,154.4403554247425,0.018591945900878402,18.543046357615893,True,0.004737524865908219,0.07939864549111261,0.9115394797018446,False,False,
2025-12-29,156.06,0.06745,-0.009925,0.06745,157.52455624270343,154.60906020567268,158.26198041815067,153.88865686914414,159.00285671831747,153.17161026324052,-0.3233644019723971,0.3233644019723971,155.91950000000003,157.35599390421274,154.48300609578732,0.018426096853988248,18.421052631578945,True,-0.0032626456348162714,0.07846292731884433,0.8596416461229918,False,False,
2025-12-30,156.41,0.067,-0.010725,0.067,157.86800248190656,154.96546301587532,158.60209246424137,154.24820517746767,159.3395959825283,153.53426716785765,0.23898023837850793,0.23898023837850793,155.946,157.39888678154844,154.49311321845155,0.018633203564675505,20.26143790849673,False,0.002240215997535006,0.0782856726971576,0.8558398707153556,False,False,
2025-12-31,156.71,0.06342500000000001,-0.010249999999999999,0.06342500000000001,158.0925105788466,155.33957940247907,158.78833290553575,154.65886977105387,159.48721779798814,153.98114306004146,0.2057609666121522,0.2057609666121522,156.019,157.4713577926575,154.5666422073425,0.018617704159845844,20.12987012987013,False,0.0019161988489745795,0.07687237257181037,0.8250688495499668,False,False,
2026-01-01,156.75,0.0691,-0.010775,0.0691,158.25718926095144,155.25716471234315,159.0162097100149,154.51608703796526,159.77887051213142,153.77854669547466,0.028932870830806694,0.028932870830806694,156.10150000000002,157.52114079963852,154.68185920036152,0.018188688765175227,16.129032258064516,True,0.00025521597790540015,0.07669206733420537,0.9010058328311715,False,False,
2026-01-02,156.84,0.072475,-0.010125,0.072475,158.4220817083332,155.27371774654614,159.21909709946797,154.49645204703398,160.02012224433693,153.72307716675644,0.05971380126686243,0.05971380126686243,156.17700000000002,157.58444037921717,154.76955962078287,0.018023657506766672,16.025641025641026,True,0.0005739979111007585,0.07661014941145904,0.9460234780479293,False,False,
2026-01-05,156.38,0.0711,-0.00935,0.0711,157.92736669218954,154.84779435133478,158.7067822521757,154.08733044025126,159.49004444512912,153.33060119883146,-0.29075615853282666,0.29075615853282666,156.2,157.60478880225662,154.79521119774336,0.01798705252569312,15.92356687898089,True,-0.002937234727762958,0.07648020099914786,0.9296523684710529,False,False,
2026-01-06,156.65,0.070975,-0.008025,0.070975,158.1972998021351,155.11783406349147,158.97667155897398,154.35737998135738,159.759882953633,153.60065397094715,0.17448999087472805,0.17448999087472805,156.1885,157.57347615407872,154.8035238459213,0.01773467514034278,15.822784810126583,True,0.0017250747018328675,0.07343914228668773,0.9664464724129219,False,False,
2026-01-07,156.76,0.06985000000000001,-0.007574999999999999,0.06985000000000001,158.28372449525338,155.25094369849072,159.05113181670043,154.50187194090591,159.8222597607124,153.75641438678193,0.07109158797034527,0.07109158797034527,156.2255,157.63091022293676,154.82008977706326,0.017992072010481662,16.9811320754717,True,0.0007019559332299701,0.07060915557716489,0.9892484824247014,False,False,
2026-01-08,156.87,0.069275,-0.0066749999999999995,0.069275,158.38218141460445,155.37225640037101,159.14372974287866,154.62875565225443,159.90893982054362,153.88881276816878,0.07219152828656304,0.07219152828656304,156.2895,157.68962743780827,154.88937256219174,0.017917101760620713,16.25,True,0.0007014635367182376,0.06972437082124086,0.9935550394224001,False,False,
2026-01-09,157.89,0.0692,-0.004575,0.0692,159.4103582157045,156.3841420283821,160.17601849587794,155.6366073654249,160.94535630159743,154.89264600641704,0.6745222432632505,0.6745222432632505,156.3935,157.94453055723343,154.84246944276654,0.019834974691831132,26.08695652173913,False,0.006481151165648177,0.07293848839172572,0.9487446412153803,False,False,
2026-01-12,158.14,0.0646,-0.0052,0.0646,159.56108781449586,156.73156872103021,160.27641342492805,156.0320640174147,160.99494589948947,155.33568125556482,0.16443493212167576,0.16443493212167576,156.539,158.17415201289094,154.90384798710903,0.020891305206893564,29.01234567901235,False,0.0015821286089836074,0.07110989826271505,0.9084529942840831,False,False,
2026-01-13,159.14,0.07277499999999999,-0.0051,0.07277499999999999,160.75196072505977,157.5442034160643,161.564053741487,156.75231596084183,162.38024932104537,155.9644088852724,0.7036862815931912,0.7036862815931912,156.76000000000002,158.54766534016278,154.97233465983726,0.022807672112308757,37.423312883435585,False,0.006303601306607891,0.0717119749036242,1.0148235367636218,False,False,
2026-01-14,158.46,0.07435,-0.0066,0.07435,160.09998907890386,156.83681019881251,160.92633761020792,156.03146118207096,161.75695130042368,155.23024759143215,-0.42184650620117214,0.42184650620117214,156.8985,158.76461078815876,155.03238921184126,0.02378749048791097,39.63414634146341,False,-0.004282122412292802,0.07202532370143655,1.032275818824499,False,False,
2026-01-15,158.63,0.06715,-0.006925,0.06715,160.1120225217436,157.1616953160575,160.85821797539333,156.43264743769126,161.6078910420685,155.7069814954125,0.10365922687339642,0.10365922687339642,157.05249999999998,158.95798101400538,155.14701898599458,0.024265529221189134,43.03030303030303,False,0.001072250883267833,0.07171792712932798,0.9363070390881391,False,False,
2026-01-16,158.12,0.07625,-0.008525,0.07625,159.79851111170566,156.45911983824823,160.64443668394082,155.6352334142137,161.4948403334045,154.8156854323256,-0.34412432504735413,0.34412432504735413,157.071,159.0118506002858,155.13014939971418,0.02471303550987532,44.57831325301205,False,-0.003220207991879043,0.05400236094963924,1.4119753036558558,True,False,
2026-01-19,158.11,0.07440000000000001,-0.00945,0.07440000000000001,159.74747286499385,156.48931185989417,160.57255782162642,155.68520822698815,161.40190428658494,154.88523639480877,-0.005957660887826464,0.005957660887826464,157.124,159.1195571705794,155.12844282942058,0.025401048478646382,47.30538922155689,False,-6.324510643087997e-05,0.051260297124996045,1.4514156993389793,True,False,
2026-01-20,158.15,0.08197499999999999,-0.008075,0.08197499999999999,159.95559632831984,156.36478544121917,160.86611027087545,155.47974932622137,161.78180712455526,154.59972258032568,0.02442788571042521,0.02442788571042521,157.22,159.21919983993556,155.22080016006444,0.02543187685963054,47.61904761904761,False,0.0002529564296039042,0.04686213856534429,1.7492799626652662,True,False,
2026-01-21,158.3,0.078975,-0.008225,0.078975,160.0408053323725,156.57812985855534,160.9183736772311,155.72423103320034,161.80075408360298,154.87498894505762,0.08307504708961409,0.08307504708961409,157.3385,159.2962782789356,155.38072172106442,0.024886194783039016,45.562130177514796,False,0.000948017135308661,0.04590228979261568,1.7205024053659463,True,False,
2026-01-22,158.41,0.09515000000000001,-0.010075,0.09515000000000001,160.5111566469661,156.33634835235804,161.57216316548676,155.30972420229526,162.64018312067978,154.2898416523568,0.06318914467596971,0.06318914467596971,157.4675,159.34512307747082,155.58987692252919,0.02384775369483627,40.0,False,0.000694641813792764,0.04560750889647852,2.086279261951683,True,False,
2026-01-23,155.7,0.11775000000000001,-0.027225000000000003,0.11775000000000001,158.25975182762582,153.1816505462776,159.55536590500856,151.9377920165517,160.8615866958363,150.70403380913237,-1.2897658077578513,1.2897658077578513,157.42399999999998,159.4254037179199,155.42259628208006,0.02542691988413347,47.953216374269005,False,-0.017255529860806737,0.07674465783441245,1.5343087495948244,True,False,
2026-01-26,154.18,0.112025,-0.0265,0.112025,156.59056424603335,151.8065441200565,157.80994295979548,150.63355295715522,159.03881703782008,149.4696253578587,-0.5938075650910957,0.5938075650910957,157.32999999999998,159.73670117096287,154.9232988290371,0.030594307137391346,65.69767441860465,False,-0.009810327808836374,0.08335596617901948,1.3439349951197188,True,False,
2026-01-27,152.21,0.127875,-0.030899999999999997,0.127875,154.92945892977008,149.5382754192801,156.307354697701,148.2200510961674,157.69750505401296,146.91344731208508,-0.8172360488801291,0.8172360488801291,157.12,160.4286489530827,153.8113510469173,0.042116203577936544,82.65895953757226,False,-0.012859604739540611,0.09317214253073375,1.3724595842348388,True,False,
2026-01-28,153.41,0.10220000000000001,-0.02735,0.10220000000000001,155.596674288323,151.2540560885638,156.7016719635954,150.1874728271407,157.81451697794455,149.12841068536866,0.44126424814271614,0.44126424814271614,156.95499999999998,160.65565428069974,153.25434571930023,0.04715560868656305,89.65517241379311,False,0.007852929565106588,0.09818972046218119,1.0408421525078424,False,False,
2026-01-29,153.11,0.1039,-0.023925000000000002,0.1039,155.32896207722774,150.92273705108892,156.45047359338534,149.84085098347157,157.58008268557802,148.76672039051743,-0.13719464375741988,0.13719464375741988,156.773,160.85453789385147,152.69146210614852,0.05206939835113796,95.42857142857143,False,-0.001957458539678112,0.09810948593709608,1.0590209397959396,False,False,
2026-01-30,154.78,0.09939999999999999,-0.0202,0.09939999999999999,156.92534114924905,152.6639880120767,158.0091369774594,151.61685493806309,159.10041797912004,150.57690422374657,0.7526041193486351,0.7526041193486351,156.67,160.84726679716954,152.49273320283044,0.05332567558779028,97.72727272727273,False,0.01084813652530915,0.10692101677744464,0.9296582000047793,False,False,
2026-02-02,155.63,0.099675,-0.015,0.099675,157.7931318239611,153.49652180692732,158.88594642518032,152.44077556856527,159.98632944042893,151.39229073330668,0.3962073818877362,0.3962073818877362,156.6325,160.8341231199506,152.4308768800494,0.05364944210110414,98.30508474576271,False,0.005476641374605433,0.10870181496062743,0.9169580106468599,False,False,
2026-02-03,155.75,0.09574999999999999,-0.013300000000000001,0.09574999999999999,157.82898791854092,153.69839735980648,158.87886540022063,152.682752604591,159.935726660616,151.67381926788423,0.055475121151083016,0.055475121151083016,156.5875,160.80757171303478,152.36742828696524,0.05390049286226256,98.31460674157303,False,0.0007707624506438518,0.10852559757320002,0.8822803296283814,False,False,
2026-02-04,156.86,0.108025,-0.0124,0.108025,159.22424027068277,154.53086513819227,160.41968997394463,153.37929903739598,161.62411506933645,152.23631442278574,0.5339136365828585,0.5339136365828585,156.5925,160.81366908226275,152.37133091773725,0.0539127874229321,98.32402234636871,False,0.0071015301169579555,0.1116328827639651,0.9676808241923345,False,False,
2026-02-05,157.04,0.1143,-0.014475,0.1143,159.54553702857078,154.57381045753544,160.81325664202728,153.35527751233224,162.09104932332556,152.14635047989105,0.07613439388205576,0.07613439388205576,156.601,160.8252054375877,152.3767945624123,0.05394863937762465,98.33333333333333,False,0.0011468621836851246,0.11167950134041975,1.0234644552324108,False,False,
2026-02-06,157.22,0.117425,-0.01755,0.117425,159.79754878792693,154.68402730510164,161.102126788863,153.43142199727166,162.4173552895935,152.18896007712394,0.07184088598470398,0.07184088598470398,156.5675,160.7591652889675,152.3758347110325,0.05354451324786433,96.13259668508287,False,0.0011455483974047523,0.10918506518654994,1.0754675998898895,False,False,
2026-02-09,155.88,0.09385,-0.0175,0.09385,157.91916580861002,153.86716536641686,158.94873037038045,152.8705158158845,159.98500724715973,151.8803219007972,-0.5198737677736597,0.5198737677736597,156.4545,160.58913662248548,152.3198633775145,0.05285417322589619,93.95604395604396,False,-0.00855961789510194,0.11284733746028963,0.8316545353409451,False,False,
2026-02-10,154.39,0.09667500000000001,-0.017325,0.09667500000000001,156.47087672979146,152.33679645805717,157.52180890102423,151.32045693416998,158.5797996281469,150.31089808344802,-0.7306909490678677,0.7306909490678677,156.21699999999998,160.2464813562043,152.18751864379567,0.051588256799251234,90.7103825136612,False,-0.009604611816673339,0.11383970066056429,0.8492204339877505,False,False,
2026-02-11,153.26,0.112325,-0.020675,0.112325,155.66264723101335,150.89443754057046,156.87805896137812,149.7253838778224,158.102960609206,148.56538745064023,-0.5430403367109743,0.5430403367109743,155.957,160.04768827048872,151.86631172951127,0.05245918131906521,92.93478260869566,False,-0.007346043111576923,0.11533710568550816,0.9738843309132333,False,False,
2026-02-12,152.74,0.11042500000000001,-0.020425,0.11042500000000001,155.0936813867444,150.42203777357713,156.28408844244757,149.27628162601602,157.4836323562458,148.13925263817902,-0.2164279438478628,0.2164279438478628,155.6625,159.7908302346486,151.53416976535138,0.05304206516853597,94.05405405405406,False,-0.003398696082020096,0.1150195140124728,0.9600544824769947,False,False,
2026-02-13,152.7,0.09872500000000001,-0.016725,0.09872500000000001,154.8020399753203,150.62650339567497,155.8638863050514,149.60033753017169,156.93301624440514,148.58116257503136,-0.016994653662681294,0.016994653662681294,155.3915,159.5520428542563,151.2309571457437,0.053549169089124,96.23655913978494,False,-0.0002619172356514875,0.11504572526996001,0.8581370560995406,False,False,
2026-02-16,153.47,0.08515,-0.012175,0.08515,155.29042943164774,151.67091099047445,156.20872579379144,150.77929085147252,157.1324524210958,149.8929122348369,0.36631082616907523,0.36631082616907523,155.1595,159.19743837444153,151.12156162555848,0.05204887067103881,89.83957219251337,False,0.005029895962416931,0.11742840885572979,0.7251226583902163,False,False,
2026-02-17,153.31,0.088875,-0.011675,0.088875,155.20857624224908,151.43464793669065,156.16666316873395,150.5055920584318,157.13066426942828,149.5822359644475,-0.08789134982023096,0.08789134982023096,154.9175,158.77700024034988,151.0579997596501,0.049826523670339226,87.2340425531915,False,-0.001043092864640725,0.11726337204038402,0.7579092981343959,False,False,
2026-02-18,154.81,0.081625,-0.00935,0.081625,156.56987451122455,153.06990680561512,157.45729993403893,152.20720862125637,158.3497552125871,151.34937258238938,0.7900657169411737,0.7900657169411737,154.743,158.25885940680493,151.22714059319506,0.045441272391060474,82.01058201058201,False,0.00973654323001122,0.12372231193955795,0.6597435718779346,False,False,
2026-02-19,155.01,0.086425,-0.010825,0.086425,156.87639354866752,153.1658113529095,157.8180005850148,152.25196118903003,158.7652593564055,151.3435634307145,0.11364446653689213,0.11364446653689213,154.573,157.64279923910647,151.50320076089355,0.03971973422404247,74.73684210526315,False,0.0012910724148288185,0.12385603733498196,0.6977859284021359,False,False,
2026-02-20,155.05,0.08777499999999999,-0.012150000000000001,0.08777499999999999,156.9462142551973,153.17669568575715,157.90300003404252,152.24854812648954,158.86561863294614,151.32602451600812,0.021431707170536128,0.021431707170536128,154.5405,157.57360488825486,151.50739511174515,0.03925320402425066,73.82198952879581,False,0.00025801457925505347,0.10813247985472474,0.8117357533825648,False,False,
2026-02-23,154.65,0.08664999999999999,-0.012624999999999999,0.08664999999999999,156.51693583191627,152.80533300041148,157.45883844290051,151.89126718137777,158.4064093256527,150.98266921025956,-0.2109466263654827,0.2109466263654827,154.564,157.59262414480963,151.53537585519035,0.03918925681024871,73.4375,False,-0.0025831464153793196,0.10251885629035848,0.8452103655408132,False,False,
2026-02-24,155.87,0.081275,-0.010175,0.081275,157.63428387619058,154.12546244751036,158.52390043329152,153.26052938133316,159.4185375836238,152.40045021273448,0.6534771999891188,0.6534771999891188,154.747,157.6147598078966,151.87924019210342,0.03706385012822982,70.98445595854922,False,0.007857827369880948,0.09363473526393445,0.8680005317567755,False,False,
2026-02-25,156.37,0.0783,-0.00945,0.0783,158.07480425999387,154.68358170340173,158.93416368200468,153.84720524230832,159.7981949340371,153.01535108136446,0.2834011049738731,0.2834011049738731,154.895,157.77771436414727,152.01228563585275,0.03722152896022805,71.1340206185567,False,0.003202667354459382,0.09065206712196641,0.8637420247091826,False,False,
2026-02-26,156.13,0.0781,-0.0098,0.0781,157.8278162740969,154.45044780741063,158.683635423395,153.61745926074312,159.54409524018507,152.7889632223767,-0.14077862522520387,0.14077862522520387,155.046,157.85034550014942,152.24165449985057,0.03617436760896023,69.23076923076923,False,-0.0015360003019900253,0.09048463272071344,0.8631299885038005,False,False,
2026-02-27,156.05,0.083025,-0.00995,0.083025,157.8545724962721,154.26605713670466,158.76466930014433,153.3817480132393,159.6800131879579,152.50250807116325,-0.04711935043886694,0.04711935043886694,155.1095,157.94581692238515,152.27318307761485,0.036571801500039025,70.40816326530613,False,-0.0005125248366403323,0.08269726184027927,1.0039631077550515,False,False,
2026-03-02,157.39,0.093925,-0.0161,0.093925,159.45057518704218,155.35605356670465,160.49095733184896,154.3489584200028,161.53812775575705,153.34839176453912,0.7425581420353848,0.7425581420353848,155.1975,158.20581041931268,152.1891895806873,0.038767511323477416,73.60406091370558,False,0.008550332846720994,0.0858550755394633,1.09399472785773,False,False,
2026-03-03,157.74,0.099875,-0.0172,0.099875,159.9368888360095,155.5732875704025,161.04678051472507,154.50111775270767,162.16437435363295,153.43633704490395,0.16985548608028356,0.16985548608028356,155.297,158.50712280466817,152.08687719533182,0.041341723338740276,76.26262626262627,False,0.002221306406335395,0.08605595650483386,1.1605820684171921,False,False,
2026-03-04,157.06,0.097325,-0.020099999999999996,0.097325,159.19119211866408,154.95733948403458,160.26760831009298,153.91658901074726,161.3513029935147,152.882828600346,-0.30952863379067436,0.30952863379067436,155.307,158.53879663247582,152.07520336752415,0.041618170880589216,76.38190954773869,False,-0.00432021002311626,0.08420276658631927,1.155840882024092,False,False,
2026-03-05,157.59,0.09897500000000001,-0.020525,0.09897500000000001,159.76488597389576,155.4447208384561,160.86355898393734,154.3830576475049,161.9697873612026,153.32864545050796,0.24868710584957776,0.24868710584957776,155.3345,158.63697419209774,152.03202580790224,0.04252080757459222,77.0,False,0.0033688256872512904,0.08494795549615385,1.1651251571849925,False,False,
2026-03-06,157.78,0.09445,-0.0146,0.09445,159.85730306858562,155.72969093141265,160.9061882327379,154.71454934966246,161.9619555353127,153.70602508298455,0.087360901803813,0.087360901803813,155.3625,158.74090744169547,151.98409255830455,0.0434906421008346,78.1094527363184,False,0.0012049340329635912,0.08495721727864114,1.1117360363890523,False,False,
2026-03-09,157.67,0.088675,-0.010875,0.088675,159.618149057818,155.74562821797346,160.60123173286905,154.79226797805515,161.59036918021064,153.84474350866503,-0.05295327468750576,0.05295327468750576,155.452,158.97967464784531,151.92432535215468,0.04538603103009696,82.17821782178217,False,-0.0006974164175532443,0.07857708416776325,1.1285096786065203,False,False,
2026-03-10,158.05,0.0784,-0.008125,0.0784,159.77533288134273,156.34329811442967,160.6450494161455,155.49687083908003,161.5195001413722,154.65502603794639,0.19505694314049976,0.19505694314049976,155.63500000000002,159.3074665452954,151.96253345470464,0.04719332470582296,84.23645320197043,False,0.0024071974122365433,0.06892112321233748,1.1375322447729017,False,False,
2026-03-11,158.95,0.08779999999999999,-0.00135,0.08779999999999999,160.8944671024438,157.0290324770046,161.8756026950409,156.07727217298572,162.86272125938584,155.1312805326465,0.5216384674124793,0.5216384674124793,155.9195,159.69736057528777,152.14163942471222,0.04845911608602869,86.27450980392157,False,0.005678248695184806,0.06280762786479645,1.3979193767515572,True,False,
2026-03-12,159.35,0.1057,-0.00017500000000000003,0.1057,161.6996982367795,157.03444580841122,162.88750841827428,155.88931739808743,164.08404399037056,154.75253950646277,0.20571188861836945,0.20571188861836945,156.25,160.01319013604123,152.48680986395877,0.048168833741327764,85.36585365853658,False,0.0025133535065336647,0.0597189557417432,1.7699572721449368,True,False,
2026-03-13,159.73,0.11230000000000001,-0.0002,0.11230000000000001,162.2335153342723,157.26511779906033,163.4999492803296,156.04697745964077,164.77626931519168,154.83827256215068,0.1617228944772173,0.1617228944772173,156.6015,160.2808722290627,152.92212777093727,0.046990255253783926,82.52427184466019,False,0.002381848938519832,0.05905504660776617,1.9016156357623082,True,False,
2026-03-16,159.07,0.1003,-0.0009750000000000001,0.1003,161.29490502629142,156.87578535649044,162.41900034474224,155.7900544043036,163.55092970038578,154.71183775203153,-0.2636293019518633,0.2636293019518633,156.88150000000002,160.40655781960763,153.3564421803924,0.04493911416715942,80.19323671497585,False,-0.004140532891596083,0.062217396327051484,1.6120893177972893,True,False,
2026-03-17,159.0,0.094,-0.0017749999999999999,0.094,161.08332662849676,156.94361749993567,162.1352041360378,155.92542122306918,163.19395042580493,154.9138306538749,-0.031462017107612365,0.031462017107612365,157.166,160.3823162976165,153.94968370238348,0.04092890698518147,72.59615384615384,False,-0.00044015469003756805,0.06188894760093951,1.5188495465476783,True,False,
2026-03-18,159.86,0.10485,5e-05,0.10485,162.19812462730454,157.55557999650276,163.37997994647026,156.41585712259794,164.57044684483054,155.28437875662695,0.4128013285274168,0.4128013285274168,157.41850000000002,160.6489164632929,154.18808353670715,0.041042399251585655,72.72727272727273,False,0.0053942299776416095,0.05618002189021354,1.8663218075083143,True,False,
2026-03-19,157.73,0.10215,-0.00645,0.10215,159.97714294619436,155.51442188442854,161.1126915118459,154.41833083752297,162.2563004198764,153.32996521934967,-0.9109865124920958,0.9109865124920958,157.55450000000002,160.5805377080473,154.52846229195274,0.038412583684341396,68.57142857142857,False,-0.013413721698490437,0.07748002626246253,1.318404302729174,True,False,
2026-03-20,159.23,0.10425000000000001,-0.004175,0.10425000000000001,161.54548666980855,156.94770199196458,162.71582629929947,155.81884981097963,163.89464462340823,154.69811694127063,0.6675142774251704,0.6675142774251704,157.7635,160.6346433629347,154.8923566370653,0.0363980687920172,65.40284360189574,False,0.009464987368952004,0.0831975500516798,1.2530417053776592,True,False,
2026-03-23,158.44,0.0943,-0.004699999999999999,0.0943,160.52265797919551,156.3843629056622,161.57423061377446,155.3665674571989,162.63269202667118,154.35539612099123,-0.34118097517068,0.34118097517068,157.953,160.43247447742627,155.47352552257374,0.03139509192514565,54.71698113207547,False,-0.004973725114618798,0.08509989115291215,1.1081095254347222,False,False,
2026-03-24,158.7,0.08825,-0.00415,0.08825,160.65142000251222,156.77228374082313,161.63610985175896,155.81722440052846,162.62683521627972,154.86798329749942,0.12484046953327498,0.12484046953327498,158.09449999999998,160.38960669399916,155.7993933060008,0.02903461782666916,50.70422535211267,False,0.001639654778647389,0.08144167401733811,1.0835975692397048,False,False,
2026-03-25,159.47,0.08605,-0.0032,0.08605,161.38171298360712,157.5809329932147,162.34614642694362,156.6448077746268,163.31634342210663,155.71424370108497,0.39458445593912167,0.39458445593912167,158.24949999999998,160.47179350470415,156.02720649529581,0.028085946618525415,49.06542056074766,False,0.004840189227517469,0.08225915980437404,1.0460841103245062,False,False,
2026-03-26,159.81,0.0935,-0.001475,0.0935,161.89272956026176,157.75406449301644,162.94425105656316,156.7360366161953,164.00260236826261,155.72457833719284,0.17785096555575716,0.17785096555575716,158.43349999999998,160.52226972099993,156.34473027900003,0.026367778544309745,43.72093023255814,False,0.0021297928371367303,0.08179904016083542,1.1430451973049787,False,False,
2026-03-27,160.31,0.10875,-0.0037,0.10875,162.74257848367608,157.91378224093808,163.97267509214024,156.7291384711443,165.2120694374367,155.55338170818044,0.24006957482139876,0.24006957482139876,158.6465,160.5745126118822,156.7184873881178,0.024305769265406993,33.7962962962963,False,0.0031238311045646886,0.08182846434696266,1.3289996441688892,True,False,
2026-03-30,159.71,0.09390000000000001,-0.003425,0.09390000000000001,161.80038882612897,157.64661806474507,162.8558211069471,156.62494546786522,163.9181380269646,155.60989410338493,-0.2466518568779245,0.2466518568779245,158.7625,160.65096777211411,156.87403222788586,0.023789846747363213,30.414746543778804,False,-0.003749770033364186,0.07906826928575016,1.1875813249515865,False,False,
2026-03-31,158.72,0.085725,-0.004375,0.085725,160.61549296441655,156.84687656863312,161.57171138022727,155.9186208080416,162.53362260712282,154.9958586777724,-0.4735961021344151,0.4735961021344151,158.8115,160.63810196453414,156.98489803546585,0.02300339666251057,28.440366972477065,False,-0.006218027131655423,0.08255731513784839,1.038369523728605,False,False,
2026-04-01,158.82,0.081875,-0.004699999999999999,0.081875,160.63102119556353,157.02939701348703,161.54426127726455,156.14168030833014,162.46269342859583,155.25898203261133,0.05275672443910949,0.05275672443910949,158.8995,160.52984997857192,157.26915002142806,0.020520517416001038,20.091324200913242,False,0.00062984193050211,0.0807249241437804,1.0142468496368133,False,False,
2026-04-02,159.6,0.0815,-0.003225,0.0815,161.4115329011687,157.80879805903612,162.32499547413695,156.9207497933271,163.24362752822725,156.0376989024915,0.43069622923838174,0.43069622923838174,159.0,160.53551637122948,157.46448362877052,0.019314671336219835,18.636363636363637,True,0.0048991995486434925,0.08160981818010514,0.9986543508789252,False,False,
2026-04-03,159.67,0.0802,-0.0036249999999999998,0.0802,161.45325831561388,157.90643785065356,162.35234218220174,157.03197476134036,163.25643277214468,156.16235432255473,0.038641307566002904,0.038641307566002904,159.0945,160.544109384772,157.644890615228,0.018223249512359048,14.027149321266968,True,0.0004385003359016334,0.08158400773213563,0.9830357962227139,False,False,
2026-04-06,159.68,0.07515,-0.004050000000000001,0.07515,161.35049022704393,158.0268046543954,162.19227738807902,157.2066365341884,163.03845626570262,156.39072513325678,0.0056077125296212565,0.0056077125296212565,159.195,160.5003009332387,157.8896990667613,0.01639876796681677,9.90990990990991,True,6.262721154410731e-05,0.08146879595395808,0.922439065411877,False,False,
2026-04-07,159.62,0.07782499999999999,-0.00365,0.07782499999999999,161.34962299208362,157.90891808436436,162.22145009104713,157.06026783572776,163.09798796947447,156.21617849000432,-0.03591760013237405,0.03591760013237405,159.27349999999998,160.4734521920293,158.07354780797067,0.015067819719279289,9.417040358744394,True,-0.0003758221152910688,0.08126379959335227,0.9576834997802197,False,False,
2026-04-08,158.57,0.07125,-0.004725,0.07125,160.14236311601388,157.01307518351217,160.93438181613644,156.24035471007622,161.73031761607652,155.4714370850933,-0.6070687108149023,0.6070687108149023,159.2545,160.48759580453265,158.02140419546737,0.015485851948078557,9.821428571428571,True,-0.006599854246386781,0.08255228293705863,0.8630893957750875,False,False,
2026-04-09,158.96,0.067825,-0.0046,0.067825,160.46010427519735,157.47391985152646,161.21545676966002,156.7360978054517,161.9743650226925,156.00173272147066,0.2480343096502449,0.2480343096502449,159.235,160.47405736666744,157.9959426333326,0.01556262588837158,10.222222222222223,True,0.002456462042085406,0.0825284595604606,0.8218377073948798,False,False,
2026-04-10,159.27,0.06335,-0.004475,0.06335,160.6734263206552,157.87883211860645,161.37977011383595,157.18781159563173,162.08921909724998,156.49981560328447,0.20665230086036537,0.20665230086036537,159.21200000000002,160.42925489265082,157.99474510734922,0.015290994305087555,9.734513274336283,True,0.0019482770201283597,0.08236815105044923,0.7691079524317488,False,False,
2026-04-13,159.45,0.061175,-0.004425,0.061175,160.80656941036116,158.1048746529745,161.48917603322127,157.43657330179053,162.17468024791037,156.771096826797,0.1282575346855016,0.1282575346855016,159.231,160.4507825518027,158.0112174481973,0.015320918059959361,10.13215859030837,True,0.0011295181923766304,0.08109124625827101,0.7543970875125178,False,False,
2026-04-14,158.79,0.061500000000000006,-0.0054,0.061500000000000006,160.14816198322956,157.4433561256881,160.83159301930812,156.7743229215729,161.51794059201927,156.10813267913753,-0.4865213640813814,0.4865213640813814,159.2205,160.45221211605642,157.98878788394356,0.015471778019242854,10.526315789473683,True,-0.004147818918060691,0.08248649887702456,0.745576559040136,False,False,
2026-04-15,159.0,0.061349999999999995,-0.0058,0.061349999999999995,160.35662707278598,157.65485007691598,161.03927510959443,156.98654867140422,161.7248292211356,156.32108020613114,0.15462073198415494,0.15462073198415494,159.17749999999998,160.37477541570462,157.98022458429534,0.01504327452943586,9.170305676855897,True,0.0013216276822256158,0.08014439214698749,0.7654933596287318,False,False,
2026-04-16,159.17,0.06542500000000001,-0.007724999999999999,0.06542500000000001,160.61869331789103,157.7343731084753,161.34797700852664,157.02142270219557,162.0805719868489,156.31169479125276,0.12531078246203164,0.12531078246203164,159.24949999999998,160.2346630909588,158.26433690904116,0.012372573740687676,2.608695652173913,True,0.001068611221531323,0.06337491948676578,1.0323484515615413,False,False,
2026-04-17,158.64,0.07595,-0.010425,0.07595,160.3173705316575,156.9801794811149,161.16269496462792,156.15679301915114,162.0124766400956,155.33772535251546,-0.36584692802445706,0.36584692802445706,159.21999999999997,160.24225756358845,158.1977424364115,0.012840818535215206,5.627705627705628,True,-0.0033353292302225083,0.05496695586947561,1.381739243125464,True,False,
2026-04-20,158.81,0.062375,-0.0109,0.062375,160.1877425141462,157.44410717176297,160.88108949397937,156.76557250654267,161.5774375151338,156.08996211267285,0.10134910372607336,0.10134910372607336,159.2385,160.21362806176427,158.2633719382357,0.01224739069715277,2.1551724137931036,True,0.001071034911014811,0.052096141575971394,1.1973055607014393,False,False,
2026-04-21,159.37,0.074875,-0.008924999999999999,0.074875,161.03111444309633,157.72602076212536,161.86815310671977,156.91040153682707,162.70954269175877,156.09899997147772,0.40646201612428196,0.40646201612428196,159.272,160.21473063630586,158.32926936369412,0.011837995834872014,1.7167381974248928,True,0.00352002374898707,0.05324027022395733,1.4063602548415948,True,False,
2026-04-22,159.48,0.0713,-0.008275,0.0713,161.06250181121973,157.91304688543127,161.8596316334282,157.13535328933276,162.66070660703008,156.361489695513,0.06622060295553417,0.06622060295553417,159.2725,160.21568329970384,158.32931670029618,0.011843642809698256,2.1367521367521367,True,0.000689979641611901,0.05041712424835135,1.4142020407348308,True,False,
2026-04-23,159.71,0.085175,-0.00825,0.085175,161.60500651797938,157.83721463581136,162.56092498180118,156.9090733388455,163.52249785032967,155.98638985655992,0.14533948610317343,0.14533948610317343,159.2675,160.19968193390176,158.33531806609827,0.011705865087374952,1.702127659574468,True,0.0014411481550638389,0.050090055321964165,1.7004373313728667,True,False,
2026-04-24,159.38,0.082475,-0.009775,0.082475,161.21080146971335,157.56999015213177,162.13407359152598,156.67270819332356,163.06263339507674,155.7805358046361,-0.17414188123842986,0.17414188123842986,159.22099999999998,160.01706664624336,158.4249333537566,0.009999518232436541,0.423728813559322,True,-0.002068382698616015,0.049133912528553085,1.6785758706284888,True,False,
2026-04-27,159.42,0.076,-0.0105,0.076,161.1067333539642,157.75092617737968,161.95678066746146,156.92295373654608,162.81131308484078,156.09932699674505,0.021848354757031528,0.021848354757031528,159.2065,159.975156380691,158.437843619309,0.009656092944584532,0.42194092827004215,True,0.00025094103017497794,0.04742092677711479,1.6026679604388792,True,False,
2026-04-28,159.62,0.06212500000000001,-0.007425,0.06212500000000001,160.99919551157797,158.2526193316771,161.693255701118,157.57332790117005,162.3903079524828,156.8969522950551,0.11857238699286604,0.11857238699286604,159.2515,160.0054726366654,158.4975273633346,0.009468954913019911,0.42016806722689076,True,0.0012537614480858054,0.04168664317818156,1.4902855030676998,True,False,
2026-04-29,160.41,0.07375,-0.007425,0.07375,162.05670468532918,158.78002795356994,162.88638537721093,157.9712634693901,163.72031378011346,157.16661852089305,0.5727976877593999,0.5727976877593999,159.33100000000002,160.21712461996233,158.4448753800377,0.01112306606953219,2.928870292887029,True,0.004937047180887059,0.0448463165305863,1.6445051836018831,True,False,
2026-04-30,156.59,0.10025,-0.01865,0.10025,158.7791179466788,154.4310638394808,159.88512671643213,153.36278366585506,160.99883961891138,152.3018933430857,-2.319784496900445,2.319784496900445,159.1805,160.68260343746365,157.67839656253634,0.018872957899537444,25.0,False,-0.024102113071398278,0.0960363326349659,1.0438757629474489,False,False,
2026-05-01,157.01,0.099575,-0.025025,0.099575,159.1901081552734,154.85974842076493,160.29148777599505,153.79569085072683,161.40048744976525,152.73894453182987,0.19185809546588672,0.19185809546588672,159.04749999999999,160.81475627367396,157.280243726326,0.022222999716109706,32.365145228215766,False,0.0026785730300786384,0.09679270161216286,1.0287449192087383,False,False,
2026-05-04,157.24,0.097725,-0.02835,0.097725,159.38246317484993,155.12633640801607,160.4646170249686,154.0801832727575,161.55411833936904,153.0410852669357,0.10549935306818439,0.10549935306818439,158.9255,160.83968499903332,157.01131500096668,0.024089085754436187,38.84297520661157,False,0.0014638029662293784,0.097093320465081,1.0065059010433801,False,False,
2026-05-05,157.21,0.10025,-0.028374999999999997,0.10025,159.40778550608198,155.0425157813703,160.51817338968192,153.97000587591208,161.63629590963063,152.9049150805703,-0.014002574397621924,0.014002574397621924,158.805,160.8350220377331,156.77497796226692,0.02556622320119757,46.50205761316872,False,-0.00019080935023710056,0.09710550096618002,1.0323822955706201,False,False,
